{"type":"FeatureCollection","fonte":"OpenStreetMap (ODbL) + Esri reverseGeocode","bbox":[13.503,43.5955,13.519,43.603],"features":[{"type":"Feature","geometry":{"type":"LineString","coordinates":[[13.518153,43.5982],[13.518064,43.598367],[13.517995,43.598544],[13.51797,43.598588],[13.517914,43.598666],[13.517619,43.599001],[13.517392,43.599283],[13.517152,43.599515],[13.517055,43.59959],[13.517,43.599632],[13.516906,43.599685],[13.516529,43.599835],[13.516391,43.599894],[13.516164,43.600212],[13.516037,43.600419],[13.516008,43.600477],[13.515941,43.600585],[13.515833,43.600733],[13.515779,43.600823]]},"properties":{"tipo":"condotta","rete":"adduzione","materiale":"Acciaio 200","via":"Via Colle Verde"}},{"type":"Feature","geometry":{"type":"LineString","coordinates":[[13.509104,43.6017],[13.508828,43.601825]]},"properties":{"tipo":"condotta","rete":"adduzione","materiale":"Acciaio 200","via":"Via Mario Torresi"}},{"type":"Feature","geometry":{"type":"LineString","coordinates":[[13.509506,43.601613],[13.509586,43.601603],[13.510316,43.601539],[13.510748,43.601511],[13.510795,43.601506],[13.511376,43.601451],[13.511519,43.601429],[13.511945,43.601355],[13.512033,43.60134],[13.512701,43.60123],[13.513646,43.601015],[13.513878,43.600957],[13.514336,43.600837],[13.514471,43.600783],[13.514554,43.600718],[13.514616,43.600631],[13.514697,43.600323],[13.514713,43.600258],[13.514761,43.60008],[13.514781,43.60001],[13.514835,43.599762],[13.514827,43.599644],[13.514809,43.599589],[13.514797,43.599547],[13.51477,43.599483],[13.514727,43.599429],[13.514592,43.599263]]},"properties":{"tipo":"condotta","rete":"adduzione","materiale":"Acciaio 200","via":"Via Mario Torresi"}},{"type":"Feature","geometry":{"type":"LineString","coordinates":[[13.505198,43.600084],[13.505264,43.600083],[13.505433,43.600091],[13.505731,43.600096]]},"properties":{"tipo":"condotta","rete":"adduzione","materiale":"Ghisa sferoidale 100","via":"Via della Marina"}},{"type":"Feature","geometry":{"type":"LineString","coordinates":[[13.516651,43.598397],[13.516802,43.598193],[13.516893,43.597998]]},"properties":{"tipo":"condotta","rete":"adduzione","materiale":"Ghisa sferoidale 100","via":"Via Tavernelle"}},{"type":"Feature","geometry":{"type":"LineString","coordinates":[[13.513974,43.599215],[13.513921,43.599533],[13.51388,43.599793],[13.513848,43.599972],[13.513792,43.600112],[13.513629,43.600246],[13.513191,43.60037],[13.512924,43.600509],[13.512899,43.600606],[13.512701,43.60123]]},"properties":{"tipo":"condotta","rete":"distribuzione","materiale":"Acciaio 65","via":"Via Alfredo Antinori"}},{"type":"Feature","geometry":{"type":"LineString","coordinates":[[13.515868,43.600435],[13.515877,43.600392],[13.515901,43.600255],[13.515928,43.599995],[13.515942,43.599837],[13.515981,43.599633],[13.516092,43.599358],[13.516201,43.599128],[13.516365,43.598789]]},"properties":{"tipo":"condotta","rete":"adduzione","materiale":"Ghisa sferoidale 150","via":"Via delle Grazie"}},{"type":"Feature","geometry":{"type":"LineString","coordinates":[[13.517963,43.598078],[13.517994,43.59788]]},"properties":{"tipo":"condotta","rete":"adduzione","materiale":"Acciaio 100","via":"Via Benedetto Croce"}},{"type":"Feature","geometry":{"type":"LineString","coordinates":[[13.50723,43.602862],[13.507267,43.603105]]},"properties":{"tipo":"condotta","rete":"distribuzione","materiale":"PEAD 50","via":"Piazza Ugo Bassi"}},{"type":"Feature","geometry":{"type":"LineString","coordinates":[[13.515156,43.602187],[13.515125,43.601909]]},"properties":{"tipo":"condotta","rete":"distribuzione","materiale":"Ghisa grigia 50","via":"Via Luigi Paolucci"}},{"type":"Feature","geometry":{"type":"LineString","coordinates":[[13.504207,43.59873],[13.504279,43.598697],[13.505042,43.598381]]},"properties":{"tipo":"condotta","rete":"distribuzione","materiale":"Acciaio 65","via":"Via delle Palombare"}},{"type":"Feature","geometry":{"type":"LineString","coordinates":[[13.504207,43.59873],[13.504378,43.598966]]},"properties":{"tipo":"condotta","rete":"adduzione","materiale":"Fibrocemento 100","via":"Viale Cristoforo Colombo"}},{"type":"Feature","geometry":{"type":"LineString","coordinates":[[13.505731,43.600096],[13.506848,43.599671],[13.50694,43.599636],[13.506987,43.599618],[13.507026,43.599603],[13.507925,43.599255],[13.508071,43.599208],[13.508185,43.599194]]},"properties":{"tipo":"condotta","rete":"adduzione","materiale":"Ghisa sferoidale 100","via":"Via della Marina"}},{"type":"Feature","geometry":{"type":"LineString","coordinates":[[13.509651,43.599123],[13.509545,43.59912],[13.50885,43.599165],[13.508619,43.599138],[13.508519,43.599126]]},"properties":{"tipo":"condotta","rete":"distribuzione","materiale":"Ghisa grigia 50","via":"Via Fermo"}},{"type":"Feature","geometry":{"type":"LineString","coordinates":[[13.507891,43.600669],[13.507779,43.600793],[13.507666,43.60091],[13.506983,43.60119],[13.506704,43.601301],[13.506687,43.601309],[13.506654,43.601321],[13.506592,43.601321],[13.506538,43.601307]]},"properties":{"tipo":"condotta","rete":"distribuzione","materiale":"PVC 90","via":"Piazza d'Armi"}},{"type":"Feature","geometry":{"type":"LineString","coordinates":[[13.50596,43.601139],[13.505881,43.601123],[13.505767,43.601101],[13.505366,43.600997]]},"properties":{"tipo":"condotta","rete":"adduzione","materiale":"Fibrocemento 100","via":"Via Ascoli Piceno"}},{"type":"Feature","geometry":{"type":"LineString","coordinates":[[13.514613,43.598327],[13.514607,43.598379],[13.514612,43.598431],[13.514632,43.598461],[13.51466,43.59848],[13.51467,43.598487],[13.514708,43.598505],[13.514801,43.598533]]},"properties":{"tipo":"condotta","rete":"distribuzione","materiale":"PEAD 32","via":"Via Alessandro Manzoni"}},{"type":"Feature","geometry":{"type":"LineString","coordinates":[[13.516893,43.597998],[13.516799,43.597937],[13.516762,43.597854],[13.516814,43.597519],[13.516813,43.597457],[13.516805,43.597405],[13.516787,43.597352],[13.516712,43.597282],[13.516635,43.597215],[13.516526,43.597156],[13.516399,43.597087],[13.516268,43.597039],[13.516126,43.597031],[13.515907,43.597071],[13.515788,43.597139],[13.515722,43.597195]]},"properties":{"tipo":"condotta","rete":"distribuzione","materiale":"Acciaio 80","via":"Via Giovanni Verga"}},{"type":"Feature","geometry":{"type":"LineString","coordinates":[[13.518885,43.597555],[13.518812,43.59748],[13.518754,43.597337],[13.518754,43.597056],[13.518797,43.596759],[13.518927,43.596521],[13.519095,43.596371],[13.519137,43.596333]]},"properties":{"tipo":"condotta","rete":"distribuzione","materiale":"Acciaio 80","via":"Via Cesare Pavese"}},{"type":"Feature","geometry":{"type":"LineString","coordinates":[[13.518084,43.595187],[13.518147,43.595189],[13.518268,43.595194],[13.518347,43.59521],[13.51842,43.595241],[13.51847,43.59527],[13.518532,43.595331],[13.518574,43.595393],[13.518659,43.595533],[13.519062,43.596206],[13.519137,43.596333],[13.5196,43.596959],[13.519649,43.597025]]},"properties":{"tipo":"condotta","rete":"distribuzione","materiale":"PEAD 63","via":"Via Ugo Foscolo"}},{"type":"Feature","geometry":{"type":"LineString","coordinates":[[13.517435,43.596202],[13.517166,43.596144],[13.51683,43.595361],[13.51673,43.594917],[13.516735,43.594761],[13.516958,43.594119],[13.51698,43.594008]]},"properties":{"tipo":"condotta","rete":"distribuzione","materiale":"PEAD 63","via":"Via Francesco Petrarca"}},{"type":"Feature","geometry":{"type":"LineString","coordinates":[[13.515722,43.597195],[13.515696,43.597337],[13.515683,43.597409],[13.515649,43.597588],[13.515608,43.597677],[13.515557,43.597748],[13.515488,43.597812],[13.515409,43.597876],[13.515136,43.598002]]},"properties":{"tipo":"condotta","rete":"distribuzione","materiale":"PEAD 32","via":"Via Alessandro Manzoni"}},{"type":"Feature","geometry":{"type":"LineString","coordinates":[[13.505444,43.596143],[13.505522,43.596182],[13.505703,43.596294],[13.505852,43.596366],[13.505933,43.59639],[13.506217,43.596427]]},"properties":{"tipo":"condotta","rete":"distribuzione","materiale":"PEAD 90","via":"Via del Commercio"}},{"type":"Feature","geometry":{"type":"LineString","coordinates":[[13.505355,43.59581],[13.50543,43.595819],[13.505497,43.595796],[13.50552,43.595667],[13.505624,43.595086],[13.50573,43.59448],[13.505921,43.593392],[13.505939,43.593291],[13.506031,43.59277],[13.506098,43.592427]]},"properties":{"tipo":"condotta","rete":"distribuzione","materiale":"PEAD 90","via":"Via del Commercio"}},{"type":"Feature","geometry":{"type":"LineString","coordinates":[[13.505219,43.592386],[13.505162,43.592591],[13.505096,43.592828],[13.504976,43.593277],[13.504971,43.593462],[13.504971,43.59362],[13.50499,43.594264],[13.50505,43.594493],[13.505106,43.594737],[13.505335,43.595728],[13.505355,43.59581],[13.505386,43.595927],[13.50542,43.596054],[13.505444,43.596143]]},"properties":{"tipo":"condotta","rete":"distribuzione","materiale":"PEAD 50","via":"Via dell'Artigianato"}},{"type":"Feature","geometry":{"type":"LineString","coordinates":[[13.505042,43.598381],[13.504721,43.597995],[13.504712,43.597922],[13.504777,43.597828],[13.504801,43.597727],[13.50478,43.597595]]},"properties":{"tipo":"condotta","rete":"distribuzione","materiale":"PEAD 110","via":"Via Ariovisto Pezzotti"}},{"type":"Feature","geometry":{"type":"LineString","coordinates":[[13.505882,43.603196],[13.505984,43.602848],[13.506067,43.602563],[13.506077,43.602531],[13.506184,43.602553],[13.506211,43.602636],[13.50616,43.602836],[13.506085,43.603131],[13.506093,43.603269],[13.505931,43.603248],[13.505896,43.603231],[13.505882,43.603196]]},"properties":{"tipo":"condotta","rete":"distribuzione","materiale":"PVC 90","via":"Via Loreto"}},{"type":"Feature","geometry":{"type":"LineString","coordinates":[[13.506184,43.602553],[13.50616,43.602199],[13.506176,43.602112]]},"properties":{"tipo":"condotta","rete":"distribuzione","materiale":"PVC 90","via":"Via Loreto"}},{"type":"Feature","geometry":{"type":"LineString","coordinates":[[13.505366,43.600997],[13.505358,43.601139],[13.505389,43.601489],[13.505403,43.601802],[13.505399,43.601858],[13.505392,43.601907],[13.50536,43.602022]]},"properties":{"tipo":"condotta","rete":"adduzione","materiale":"Fibrocemento 100","via":"Via Senigallia"}},{"type":"Feature","geometry":{"type":"LineString","coordinates":[[13.50536,43.602022],[13.505445,43.602415],[13.505451,43.602499],[13.505433,43.602589],[13.505245,43.603185],[13.505146,43.603428]]},"properties":{"tipo":"condotta","rete":"adduzione","materiale":"Ghisa sferoidale 150","via":"Via Jesi"}},{"type":"Feature","geometry":{"type":"LineString","coordinates":[[13.502992,43.601528],[13.503299,43.601559],[13.503529,43.601382]]},"properties":{"tipo":"condotta","rete":"distribuzione","materiale":"PEAD 110","via":"Via Jesi"}},{"type":"Feature","geometry":{"type":"LineString","coordinates":[[13.50546,43.600408],[13.505413,43.60033],[13.505399,43.600307]]},"properties":{"tipo":"condotta","rete":"adduzione","materiale":"Fibrocemento 100","via":"Viale Cristoforo Colombo"}},{"type":"Feature","geometry":{"type":"LineString","coordinates":[[13.50723,43.602862],[13.507165,43.602768],[13.507134,43.602723],[13.506961,43.60247],[13.506588,43.601966],[13.506566,43.601937],[13.506511,43.601862],[13.506346,43.60164],[13.506234,43.60149],[13.506027,43.601216],[13.50596,43.601139]]},"properties":{"tipo":"condotta","rete":"adduzione","materiale":"Fibrocemento 100","via":"Viale Cristoforo Colombo"}},{"type":"Feature","geometry":{"type":"LineString","coordinates":[[13.508519,43.599126],[13.50859,43.598971],[13.508745,43.598622],[13.508776,43.598553],[13.5089,43.598336],[13.508994,43.598217],[13.509124,43.598076],[13.509204,43.597997],[13.509299,43.59791],[13.509549,43.597694],[13.509833,43.597478],[13.5101,43.597306],[13.510207,43.597252],[13.510273,43.597228],[13.510514,43.597162],[13.510644,43.597137],[13.511549,43.596985],[13.511898,43.596928],[13.512155,43.596885],[13.512366,43.596843],[13.512604,43.596768],[13.512825,43.596645],[13.512963,43.596522],[13.513048,43.596407],[13.513107,43.596291],[13.513173,43.5961],[13.513186,43.595974],[13.513177,43.595869],[13.513139,43.595747],[13.512971,43.595461]]},"properties":{"tipo":"condotta","rete":"adduzione","materiale":"Fibrocemento 100","via":"Via Montagnola"}},{"type":"Feature","geometry":{"type":"LineString","coordinates":[[13.50723,43.602862],[13.507503,43.603184]]},"properties":{"tipo":"condotta","rete":"adduzione","materiale":"Acciaio 200","via":"Piazza Ugo Bassi"}},{"type":"Feature","geometry":{"type":"LineString","coordinates":[[13.504143,43.601555],[13.504555,43.60078]]},"properties":{"tipo":"condotta","rete":"distribuzione","materiale":"PEAD 90","via":"Via Chiaravalle"}},{"type":"Feature","geometry":{"type":"LineString","coordinates":[[13.504419,43.600745],[13.505124,43.600146],[13.505148,43.600126],[13.505198,43.600084]]},"properties":{"tipo":"condotta","rete":"adduzione","materiale":"Acciaio 200","via":"Via Giovanni Mingazzini"}},{"type":"Feature","geometry":{"type":"LineString","coordinates":[[13.502824,43.600943],[13.503228,43.601006],[13.503428,43.601345],[13.503529,43.601382],[13.504143,43.601555]]},"properties":{"tipo":"condotta","rete":"distribuzione","materiale":"PEAD 110","via":"Via Jesi"}},{"type":"Feature","geometry":{"type":"LineString","coordinates":[[13.50536,43.602022],[13.505279,43.601893],[13.505162,43.601829],[13.504571,43.601662],[13.504143,43.601555]]},"properties":{"tipo":"condotta","rete":"distribuzione","materiale":"PEAD 110","via":"Via Jesi"}},{"type":"Feature","geometry":{"type":"LineString","coordinates":[[13.504445,43.603263],[13.504625,43.602854],[13.50472,43.602689],[13.504848,43.60254],[13.50536,43.602022]]},"properties":{"tipo":"condotta","rete":"distribuzione","materiale":"PVC 90","via":"Via Senigallia"}},{"type":"Feature","geometry":{"type":"LineString","coordinates":[[13.503428,43.601345],[13.503085,43.601259],[13.50299,43.601244]]},"properties":{"tipo":"condotta","rete":"distribuzione","materiale":"PEAD 110","via":"Via Jesi"}},{"type":"Feature","geometry":{"type":"LineString","coordinates":[[13.518091,43.598045],[13.518113,43.598051],[13.518134,43.598059],[13.518159,43.598075],[13.518175,43.598092],[13.518184,43.598108],[13.51819,43.598134]]},"properties":{"tipo":"condotta","rete":"adduzione","materiale":"Acciaio 200","via":"Via Colle Verde"}},{"type":"Feature","geometry":{"type":"LineString","coordinates":[[13.508778,43.602528],[13.509243,43.602208],[13.509252,43.602154],[13.509227,43.60211],[13.509192,43.60208],[13.50891,43.60188],[13.50888,43.601859],[13.508828,43.601825]]},"properties":{"tipo":"condotta","rete":"adduzione","materiale":"Ghisa sferoidale 150","via":"Via Maiolati"}},{"type":"Feature","geometry":{"type":"LineString","coordinates":[[13.514429,43.598699],[13.514398,43.598638],[13.514389,43.598608],[13.514405,43.598528],[13.514444,43.598421]]},"properties":{"tipo":"condotta","rete":"distribuzione","materiale":"PEAD 32","via":"Via Alessandro Manzoni"}},{"type":"Feature","geometry":{"type":"LineString","coordinates":[[13.504136,43.602643],[13.504272,43.602323],[13.504571,43.601662]]},"properties":{"tipo":"condotta","rete":"distribuzione","materiale":"Acciaio 80","via":"Via Osimo"}},{"type":"Feature","geometry":{"type":"LineString","coordinates":[[13.503825,43.602163],[13.50386,43.602116],[13.503895,43.602018],[13.504143,43.601555]]},"properties":{"tipo":"condotta","rete":"distribuzione","materiale":"PEAD 90","via":"Via Chiaravalle"}},{"type":"Feature","geometry":{"type":"LineString","coordinates":[[13.502372,43.59607],[13.502846,43.595897],[13.502903,43.595877],[13.503262,43.595866],[13.503346,43.595864],[13.503782,43.595836],[13.504032,43.595824]]},"properties":{"tipo":"condotta","rete":"distribuzione","materiale":"PEAD 110","via":"Via dell'Agricoltura"}},{"type":"Feature","geometry":{"type":"LineString","coordinates":[[13.503262,43.595866],[13.503257,43.596184],[13.502916,43.596296]]},"properties":{"tipo":"condotta","rete":"distribuzione","materiale":"PEAD 110","via":"Via dell'Agricoltura"}},{"type":"Feature","geometry":{"type":"LineString","coordinates":[[13.503346,43.595864],[13.503302,43.595367],[13.50398,43.595341]]},"properties":{"tipo":"condotta","rete":"distribuzione","materiale":"PEAD 110","via":"Via dell'Agricoltura"}},{"type":"Feature","geometry":{"type":"LineString","coordinates":[[13.503463,43.597644],[13.50277,43.59792],[13.502433,43.597907],[13.50202,43.59787]]},"properties":{"tipo":"condotta","rete":"distribuzione","materiale":"PEAD Non noto","via":"Via Wladislaw Anders"}},{"type":"Feature","geometry":{"type":"LineString","coordinates":[[13.509144,43.600384],[13.50983,43.600185],[13.510549,43.600047]]},"properties":{"tipo":"condotta","rete":"distribuzione","materiale":"PEAD 32","via":"Via Giovanni Maria Anfossi"}},{"type":"Feature","geometry":{"type":"LineString","coordinates":[[13.51388,43.599793],[13.514284,43.599833]]},"properties":{"tipo":"condotta","rete":"distribuzione","materiale":"Acciaio 65","via":"Via Alfredo Antinori"}},{"type":"Feature","geometry":{"type":"LineString","coordinates":[[13.513792,43.600112],[13.514192,43.600257]]},"properties":{"tipo":"condotta","rete":"distribuzione","materiale":"Acciaio 65","via":"Via Alfredo Antinori"}},{"type":"Feature","geometry":{"type":"LineString","coordinates":[[13.508974,43.600092],[13.508968,43.600171],[13.508953,43.600224],[13.508929,43.600261],[13.508871,43.600303],[13.508146,43.600574],[13.508006,43.600626],[13.507891,43.600669],[13.507818,43.600656],[13.507776,43.600635],[13.507748,43.60061],[13.50716,43.599791],[13.507026,43.599603]]},"properties":{"tipo":"condotta","rete":"adduzione","materiale":"Fibrocemento 100","via":"Piazza d'Armi"}},{"type":"Feature","geometry":{"type":"LineString","coordinates":[[13.50917,43.601529],[13.509117,43.601496],[13.508786,43.60116],[13.508444,43.601295]]},"properties":{"tipo":"condotta","rete":"distribuzione","materiale":"PVC 90","via":"Piazza d'Armi"}},{"type":"Feature","geometry":{"type":"LineString","coordinates":[[13.508749,43.601635],[13.508706,43.601653],[13.50863,43.601687],[13.508152,43.601914],[13.507818,43.602073],[13.507499,43.60222],[13.507346,43.602287],[13.506961,43.60247]]},"properties":{"tipo":"condotta","rete":"distribuzione","materiale":"PVC 90","via":"Piazza d'Armi"}},{"type":"Feature","geometry":{"type":"LineString","coordinates":[[13.50862,43.601529],[13.508706,43.601653]]},"properties":{"tipo":"condotta","rete":"distribuzione","materiale":"PVC 90","via":"Piazza d'Armi"}},{"type":"Feature","geometry":{"type":"LineString","coordinates":[[13.50772,43.601953],[13.507499,43.601645],[13.508044,43.601427],[13.508444,43.601295],[13.50862,43.601529]]},"properties":{"tipo":"condotta","rete":"distribuzione","materiale":"PVC 90","via":"Piazza d'Armi"}},{"type":"Feature","geometry":{"type":"LineString","coordinates":[[13.503736,43.600571],[13.503494,43.600515],[13.50335,43.600499],[13.503143,43.600493],[13.503001,43.600499],[13.502862,43.600513],[13.502677,43.60055],[13.502263,43.600622],[13.502133,43.600637],[13.501962,43.600645],[13.501775,43.600637],[13.50154,43.60062],[13.501457,43.600609],[13.500981,43.600535],[13.500369,43.600451],[13.500037,43.60042],[13.499792,43.600425],[13.499555,43.600472],[13.499379,43.60054],[13.499217,43.600642],[13.498577,43.601129],[13.4984,43.601208],[13.498242,43.601254],[13.497984,43.601296],[13.49757,43.60139],[13.4974,43.601461],[13.497313,43.601532],[13.497245,43.601601],[13.496993,43.601937],[13.496886,43.602032],[13.496619,43.60215],[13.496317,43.602281],[13.496149,43.602364],[13.495865,43.602561],[13.495722,43.602654],[13.495565,43.602731],[13.495366,43.602793],[13.495067,43.60284],[13.495046,43.602844],[13.49477,43.602907]]},"properties":{"tipo":"condotta","rete":"adduzione","materiale":"Fibrocemento 100","via":"Via Ascoli Piceno"}},{"type":"Feature","geometry":{"type":"LineString","coordinates":[[13.503499,43.600755],[13.503808,43.600811],[13.503902,43.600749],[13.503964,43.600631]]},"properties":{"tipo":"condotta","rete":"distribuzione","materiale":"PVC 90","via":"Via Ascoli Piceno"}},{"type":"Feature","geometry":{"type":"LineString","coordinates":[[13.515019,43.602737],[13.515092,43.602662],[13.515141,43.602587],[13.515163,43.602511],[13.515173,43.602434],[13.515176,43.602363],[13.515156,43.602187]]},"properties":{"tipo":"condotta","rete":"distribuzione","materiale":"Ghisa grigia 50","via":"Via Luigi Paolucci"}},{"type":"Feature","geometry":{"type":"LineString","coordinates":[[13.520299,43.601896],[13.520248,43.601915],[13.520192,43.601959],[13.520152,43.602013],[13.520096,43.602088],[13.520043,43.602159],[13.519941,43.602252],[13.519751,43.602365],[13.518725,43.602785],[13.518473,43.60288],[13.518299,43.602931],[13.518129,43.602961],[13.517731,43.603035],[13.517206,43.603141],[13.516859,43.603224],[13.516527,43.603346],[13.516177,43.603486],[13.51599,43.603552],[13.51577,43.60361],[13.51556,43.603656],[13.515461,43.603689],[13.515253,43.603795],[13.515063,43.603974],[13.514811,43.604191],[13.514635,43.604309],[13.514435,43.604407]]},"properties":{"tipo":"condotta","rete":"distribuzione","materiale":"Ghisa grigia 50","via":"Via Luigi Paolucci"}},{"type":"Feature","geometry":{"type":"LineString","coordinates":[[13.508378,43.603242],[13.508015,43.60313],[13.507956,43.603085],[13.507926,43.603061],[13.507888,43.602963],[13.507892,43.602541],[13.507755,43.602457],[13.507728,43.60244]]},"properties":{"tipo":"condotta","rete":"distribuzione","materiale":"PEAD 63","via":"Via Macerata"}},{"type":"Feature","geometry":{"type":"LineString","coordinates":[[13.509544,43.605048],[13.509697,43.605101],[13.510291,43.605219],[13.51064,43.605063],[13.510835,43.605007],[13.511715,43.604874],[13.511918,43.604793],[13.512056,43.604702],[13.512421,43.604443],[13.512749,43.604198],[13.512875,43.604143],[13.513371,43.603988],[13.513689,43.603796],[13.513834,43.603684],[13.51388,43.603643],[13.513881,43.6035],[13.513897,43.603424],[13.513974,43.6033],[13.51412,43.603169],[13.514665,43.602961],[13.514882,43.602846],[13.515019,43.602737]]},"properties":{"tipo":"condotta","rete":"distribuzione","materiale":"PVC 90","via":"Via Fano"}},{"type":"Feature","geometry":{"type":"LineString","coordinates":[[13.500894,43.604136],[13.501025,43.604052],[13.501154,43.604005],[13.501276,43.603973],[13.501416,43.603953],[13.501817,43.603952],[13.501933,43.603932],[13.50205,43.603897],[13.502214,43.603816],[13.502829,43.60341],[13.502959,43.603292],[13.503071,43.603163],[13.503165,43.602986],[13.503193,43.602913],[13.503371,43.602551],[13.503387,43.602433],[13.503342,43.602285],[13.503248,43.602175],[13.503115,43.602088],[13.503005,43.602036],[13.502889,43.602016],[13.502715,43.602004],[13.502612,43.602],[13.50214,43.601984],[13.501755,43.601976],[13.501514,43.601966],[13.500838,43.601854],[13.500695,43.601818],[13.500415,43.601753],[13.500284,43.601726],[13.500185,43.601726],[13.500099,43.601735],[13.500006,43.601761],[13.499949,43.601795],[13.499517,43.602244],[13.499259,43.60254]]},"properties":{"tipo":"condotta","rete":"adduzione","materiale":"Ghisa sferoidale 150","via":"Via Pesaro"}},{"type":"Feature","geometry":{"type":"LineString","coordinates":[[13.503574,43.60307],[13.503165,43.602986]]},"properties":{"tipo":"condotta","rete":"distribuzione","materiale":"PEAD 50","via":"Via Scrima"}},{"type":"Feature","geometry":{"type":"LineString","coordinates":[[13.503895,43.602018],[13.50364,43.601961],[13.503578,43.602174],[13.503583,43.60225],[13.503515,43.602388]]},"properties":{"tipo":"condotta","rete":"distribuzione","materiale":"PEAD 90","via":"Via Chiaravalle"}},{"type":"Feature","geometry":{"type":"LineString","coordinates":[[13.506077,43.602531],[13.505999,43.602515],[13.505812,43.602505]]},"properties":{"tipo":"condotta","rete":"distribuzione","materiale":"PEAD 110","via":"Via Jesi"}},{"type":"Feature","geometry":{"type":"LineString","coordinates":[[13.505812,43.602505],[13.50577,43.602528],[13.50573,43.602598],[13.505515,43.603239],[13.505283,43.603193],[13.505245,43.603185]]},"properties":{"tipo":"condotta","rete":"distribuzione","materiale":"PEAD 110","via":"Via Jesi"}},{"type":"Feature","geometry":{"type":"LineString","coordinates":[[13.503228,43.601006],[13.503256,43.600904],[13.503653,43.600975],[13.503602,43.601111]]},"properties":{"tipo":"condotta","rete":"distribuzione","materiale":"PEAD 110","via":"Via Jesi"}},{"type":"Feature","geometry":{"type":"LineString","coordinates":[[13.50616,43.602199],[13.505902,43.602149],[13.505811,43.601932]]},"properties":{"tipo":"condotta","rete":"distribuzione","materiale":"PVC 90","via":"Via Loreto"}},{"type":"Feature","geometry":{"type":"LineString","coordinates":[[13.504942,43.599724],[13.504608,43.599653],[13.504675,43.599507],[13.504718,43.599413]]},"properties":{"tipo":"condotta","rete":"distribuzione","materiale":"PEAD 90","via":"Largo Emilio Mancini"}},{"type":"Feature","geometry":{"type":"LineString","coordinates":[[13.505198,43.600084],[13.505258,43.600137],[13.505336,43.600228],[13.505399,43.600307]]},"properties":{"tipo":"condotta","rete":"distribuzione","materiale":"PEAD Non noto","via":"Viale Cristoforo Colombo"}},{"type":"Feature","geometry":{"type":"LineString","coordinates":[[13.5073,43.592651],[13.507425,43.592734],[13.507422,43.593207],[13.507442,43.593668],[13.507445,43.593825],[13.507464,43.594229],[13.507469,43.594413],[13.507461,43.594588],[13.507431,43.594727],[13.507426,43.594752],[13.507383,43.59496],[13.507282,43.595298],[13.507271,43.59534],[13.507261,43.595377],[13.507256,43.595392],[13.507124,43.595867],[13.507117,43.595887],[13.507057,43.596059],[13.50699,43.596156],[13.506911,43.596233],[13.506861,43.596272],[13.506658,43.59637],[13.506477,43.596421],[13.506217,43.596427]]},"properties":{"tipo":"condotta","rete":"distribuzione","materiale":"PEAD 90","via":"Via del Commercio"}},{"type":"Feature","geometry":{"type":"LineString","coordinates":[[13.503125,43.59807],[13.503468,43.598045],[13.503713,43.597989]]},"properties":{"tipo":"condotta","rete":"distribuzione","materiale":"PEAD 63","via":"Via Alessandro Maggini"}},{"type":"Feature","geometry":{"type":"LineString","coordinates":[[13.503182,43.597249],[13.502515,43.597473]]},"properties":{"tipo":"condotta","rete":"distribuzione","materiale":"PEAD 63","via":"Via Alessandro Maggini"}},{"type":"Feature","geometry":{"type":"LineString","coordinates":[[13.506217,43.596427],[13.506269,43.596961],[13.506303,43.597199],[13.506305,43.597437],[13.50628,43.59784],[13.505042,43.598381]]},"properties":{"tipo":"condotta","rete":"distribuzione","materiale":"Acciaio 65","via":"Via delle Palombare"}},{"type":"Feature","geometry":{"type":"LineString","coordinates":[[13.506217,43.596427],[13.506207,43.595986],[13.506231,43.595832],[13.50663,43.594613],[13.506716,43.594321],[13.506956,43.593158],[13.507099,43.592611],[13.507133,43.592484]]},"properties":{"tipo":"condotta","rete":"distribuzione","materiale":"Acciaio 65","via":"Via delle Palombare"}},{"type":"Feature","geometry":{"type":"LineString","coordinates":[[13.503021,43.597017],[13.502949,43.597043],[13.502615,43.597181],[13.502331,43.597304],[13.501971,43.597401],[13.501676,43.597411],[13.501588,43.597392],[13.501341,43.597337],[13.501024,43.597253],[13.500964,43.597237],[13.501279,43.596702]]},"properties":{"tipo":"condotta","rete":"distribuzione","materiale":"Acciaio 65","via":"Via Vittoria Nenni"}},{"type":"Feature","geometry":{"type":"LineString","coordinates":[[13.505742,43.597481],[13.505547,43.597566]]},"properties":{"tipo":"condotta","rete":"distribuzione","materiale":"PEAD 110","via":"Via Ariovisto Pezzotti"}},{"type":"Feature","geometry":{"type":"LineString","coordinates":[[13.505531,43.597287],[13.505545,43.597377],[13.505546,43.597452],[13.505553,43.59751],[13.505547,43.597566],[13.504949,43.597805],[13.504777,43.597828]]},"properties":{"tipo":"condotta","rete":"distribuzione","materiale":"PEAD 110","via":"Via Ariovisto Pezzotti"}},{"type":"Feature","geometry":{"type":"LineString","coordinates":[[13.504801,43.597727],[13.505505,43.597454],[13.505546,43.597452],[13.505695,43.597439]]},"properties":{"tipo":"condotta","rete":"distribuzione","materiale":"PEAD 110","via":"Via Ariovisto Pezzotti"}},{"type":"Feature","geometry":{"type":"LineString","coordinates":[[13.504712,43.597922],[13.504522,43.597847],[13.504435,43.597732],[13.50478,43.597595]]},"properties":{"tipo":"condotta","rete":"distribuzione","materiale":"PEAD 110","via":"Via Ariovisto Pezzotti"}},{"type":"Feature","geometry":{"type":"LineString","coordinates":[[13.50478,43.597595],[13.50472,43.597516],[13.504262,43.596913],[13.504122,43.596718],[13.504093,43.59658],[13.504057,43.596231]]},"properties":{"tipo":"condotta","rete":"distribuzione","materiale":"PVC 90","via":"Via dell'Industria"}},{"type":"Feature","geometry":{"type":"LineString","coordinates":[[13.504262,43.596913],[13.503206,43.597288]]},"properties":{"tipo":"condotta","rete":"distribuzione","materiale":"PEAD 63","via":"Via della Tecnica"}},{"type":"Feature","geometry":{"type":"LineString","coordinates":[[13.50772,43.601953],[13.507818,43.602073]]},"properties":{"tipo":"condotta","rete":"distribuzione","materiale":"PVC 90","via":"Piazza d'Armi"}},{"type":"Feature","geometry":{"type":"LineString","coordinates":[[13.509334,43.600788],[13.509421,43.600764],[13.510198,43.600612]]},"properties":{"tipo":"condotta","rete":"distribuzione","materiale":"PEAD 90","via":"Via Giuseppe Bornaccini"}},{"type":"Feature","geometry":{"type":"LineString","coordinates":[[13.510716,43.600508],[13.510884,43.600476],[13.51107,43.600441]]},"properties":{"tipo":"condotta","rete":"distribuzione","materiale":"PEAD 90","via":"Via Giuseppe Bornaccini"}},{"type":"Feature","geometry":{"type":"LineString","coordinates":[[13.511914,43.602178],[13.511662,43.602207],[13.511411,43.602357]]},"properties":{"tipo":"condotta","rete":"distribuzione","materiale":"Acciaio 65","via":"Via Camerano"}},{"type":"Feature","geometry":{"type":"LineString","coordinates":[[13.514106,43.602094],[13.513925,43.601899]]},"properties":{"tipo":"condotta","rete":"distribuzione","materiale":"PEAD 32","via":"Via delle Grazie"}},{"type":"Feature","geometry":{"type":"LineString","coordinates":[[13.512701,43.60123],[13.512756,43.601468]]},"properties":{"tipo":"condotta","rete":"distribuzione","materiale":"Acciaio 65","via":"Via Camerano"}},{"type":"Feature","geometry":{"type":"LineString","coordinates":[[13.513796,43.601486],[13.513614,43.601607],[13.513276,43.601847],[13.513152,43.60194],[13.51259,43.602163],[13.512396,43.602207],[13.512187,43.602215],[13.511914,43.602178],[13.511748,43.601979],[13.511701,43.601895],[13.512756,43.601468],[13.512798,43.601583],[13.512845,43.601635],[13.512923,43.601655],[13.513002,43.601652],[13.513117,43.601632],[13.513561,43.601397],[13.513787,43.601346],[13.514162,43.601275]]},"properties":{"tipo":"condotta","rete":"distribuzione","materiale":"Acciaio 65","via":"Via Camerano"}},{"type":"Feature","geometry":{"type":"LineString","coordinates":[[13.512756,43.601468],[13.512651,43.601467],[13.511584,43.601638]]},"properties":{"tipo":"condotta","rete":"distribuzione","materiale":"Acciaio 65","via":"Via Camerano"}},{"type":"Feature","geometry":{"type":"LineString","coordinates":[[13.511584,43.601638],[13.51156,43.60156]]},"properties":{"tipo":"condotta","rete":"distribuzione","materiale":"Acciaio 65","via":"Via Camerano"}},{"type":"Feature","geometry":{"type":"LineString","coordinates":[[13.511637,43.601784],[13.511606,43.601699]]},"properties":{"tipo":"condotta","rete":"distribuzione","materiale":"Acciaio 65","via":"Via Camerano"}},{"type":"Feature","geometry":{"type":"LineString","coordinates":[[13.514162,43.601275],[13.51434,43.601165],[13.51453,43.601001],[13.514575,43.600918],[13.514528,43.600865],[13.514471,43.600783]]},"properties":{"tipo":"condotta","rete":"distribuzione","materiale":"Acciaio 65","via":"Via Camerano"}},{"type":"Feature","geometry":{"type":"LineString","coordinates":[[13.513731,43.602855],[13.513813,43.602862],[13.514003,43.602985],[13.513719,43.60323],[13.51363,43.603387]]},"properties":{"tipo":"condotta","rete":"distribuzione","materiale":"PEAD 110","via":"Via Cingoli"}},{"type":"Feature","geometry":{"type":"LineString","coordinates":[[13.513969,43.602712],[13.51389,43.602751],[13.513731,43.602855],[13.513646,43.602911],[13.513534,43.603013],[13.513404,43.603154],[13.513349,43.603209],[13.513249,43.603315],[13.513168,43.603382],[13.512668,43.603799],[13.512312,43.604064]]},"properties":{"tipo":"condotta","rete":"distribuzione","materiale":"PEAD 110","via":"Via Cingoli"}},{"type":"Feature","geometry":{"type":"LineString","coordinates":[[13.513969,43.602712],[13.513925,43.602609],[13.513863,43.602537],[13.513642,43.602341]]},"properties":{"tipo":"condotta","rete":"distribuzione","materiale":"PEAD 110","via":"Via Cingoli"}},{"type":"Feature","geometry":{"type":"LineString","coordinates":[[13.513863,43.602537],[13.513965,43.602491]]},"properties":{"tipo":"condotta","rete":"distribuzione","materiale":"PEAD 110","via":"Via Cingoli"}},{"type":"Feature","geometry":{"type":"LineString","coordinates":[[13.51389,43.602751],[13.513946,43.602857],[13.51405,43.602953],[13.514351,43.602792]]},"properties":{"tipo":"condotta","rete":"distribuzione","materiale":"PEAD 110","via":"Via Cingoli"}},{"type":"Feature","geometry":{"type":"LineString","coordinates":[[13.510226,43.598533],[13.510211,43.598389],[13.510239,43.59827],[13.510335,43.598149],[13.510491,43.598017],[13.510953,43.597734],[13.510938,43.597612]]},"properties":{"tipo":"condotta","rete":"distribuzione","materiale":"Acciaio 80","via":"Via dei Cappuccini"}},{"type":"Feature","geometry":{"type":"LineString","coordinates":[[13.50974,43.598537],[13.510059,43.598233]]},"properties":{"tipo":"condotta","rete":"distribuzione","materiale":"Acciaio 80","via":"Via dei Cappuccini"}},{"type":"Feature","geometry":{"type":"LineString","coordinates":[[13.511376,43.601451],[13.511357,43.601376],[13.51107,43.600441]]},"properties":{"tipo":"condotta","rete":"distribuzione","materiale":"PEAD Non noto","via":"Via Carisio Ciavarini"}},{"type":"Feature","geometry":{"type":"LineString","coordinates":[[13.513752,43.602284],[13.513965,43.602491],[13.514034,43.602564],[13.514055,43.602637],[13.514029,43.602676],[13.513969,43.602712]]},"properties":{"tipo":"condotta","rete":"distribuzione","materiale":"PEAD 110","via":"Via Cingoli"}},{"type":"Feature","geometry":{"type":"LineString","coordinates":[[13.508776,43.598553],[13.508839,43.598553],[13.509104,43.598552],[13.50965,43.598537],[13.50974,43.598537],[13.51004,43.598538],[13.510226,43.598533],[13.511118,43.598529],[13.511448,43.598528]]},"properties":{"tipo":"condotta","rete":"distribuzione","materiale":"Acciaio 80","via":"Via dei Cappuccini"}},{"type":"Feature","geometry":{"type":"LineString","coordinates":[[13.517,43.599632],[13.516773,43.599545],[13.516732,43.599552]]},"properties":{"tipo":"condotta","rete":"distribuzione","materiale":"PEAD 50","via":"Via Colle Verde"}},{"type":"Feature","geometry":{"type":"LineString","coordinates":[[13.516543,43.599626],[13.516457,43.599608],[13.516337,43.599403],[13.516269,43.599204],[13.51632,43.599148],[13.516406,43.599136],[13.5165,43.599154],[13.516595,43.599353],[13.516732,43.599552],[13.516543,43.599626]]},"properties":{"tipo":"condotta","rete":"distribuzione","materiale":"PEAD 50","via":"Via Colle Verde"}},{"type":"Feature","geometry":{"type":"LineString","coordinates":[[13.517619,43.599001],[13.517382,43.598896],[13.51725,43.598866]]},"properties":{"tipo":"condotta","rete":"distribuzione","materiale":"PEAD 50","via":"Via Colle Verde"}},{"type":"Feature","geometry":{"type":"LineString","coordinates":[[13.518371,43.59792],[13.51822,43.598095],[13.51819,43.598134]]},"properties":{"tipo":"condotta","rete":"adduzione","materiale":"Acciaio 200","via":"Via Colle Verde"}},{"type":"Feature","geometry":{"type":"LineString","coordinates":[[13.516008,43.600477],[13.515904,43.600461],[13.515868,43.600435]]},"properties":{"tipo":"condotta","rete":"distribuzione","materiale":"PEAD 50","via":"Via Colle Verde"}},{"type":"Feature","geometry":{"type":"LineString","coordinates":[[13.515928,43.599995],[13.51613,43.599939],[13.516316,43.599896],[13.516391,43.599894]]},"properties":{"tipo":"condotta","rete":"distribuzione","materiale":"PEAD 50","via":"Via Colle Verde"}},{"type":"Feature","geometry":{"type":"LineString","coordinates":[[13.516529,43.599835],[13.51672,43.599932],[13.516889,43.600009],[13.517072,43.600042],[13.517268,43.600043],[13.517464,43.600008],[13.517604,43.599919],[13.517733,43.599814]]},"properties":{"tipo":"condotta","rete":"distribuzione","materiale":"PEAD 50","via":"Via Colle Verde"}},{"type":"Feature","geometry":{"type":"LineString","coordinates":[[13.517072,43.600042],[13.517038,43.600193]]},"properties":{"tipo":"condotta","rete":"distribuzione","materiale":"PEAD 50","via":"Via Colle Verde"}},{"type":"Feature","geometry":{"type":"LineString","coordinates":[[13.518091,43.598045],[13.518216,43.597996],[13.518289,43.597963],[13.518371,43.59792]]},"properties":{"tipo":"condotta","rete":"adduzione","materiale":"Acciaio 200","via":"Via Colle Verde"}},{"type":"Feature","geometry":{"type":"LineString","coordinates":[[13.518371,43.59792],[13.51858,43.597764],[13.51881,43.597605],[13.518885,43.597555],[13.519551,43.597132],[13.519649,43.597025]]},"properties":{"tipo":"condotta","rete":"adduzione","materiale":"Acciaio 200","via":"Via Colle Verde"}},{"type":"Feature","geometry":{"type":"LineString","coordinates":[[13.51388,43.599793],[13.513525,43.599756],[13.513291,43.599751],[13.512051,43.599829]]},"properties":{"tipo":"condotta","rete":"distribuzione","materiale":"Acciaio 80","via":"Via Andrea Costa"}},{"type":"Feature","geometry":{"type":"LineString","coordinates":[[13.509651,43.599123],[13.510075,43.599069],[13.510368,43.599032],[13.511096,43.598747],[13.511231,43.598723]]},"properties":{"tipo":"condotta","rete":"distribuzione","materiale":"Ghisa grigia 50","via":"Via Fermo"}},{"type":"Feature","geometry":{"type":"LineString","coordinates":[[13.511231,43.598723],[13.511881,43.598687],[13.512269,43.598653],[13.512728,43.598623],[13.51338,43.598647],[13.51429,43.598689]]},"properties":{"tipo":"condotta","rete":"distribuzione","materiale":"Ghisa grigia 50","via":"Via Fermo"}},{"type":"Feature","geometry":{"type":"LineString","coordinates":[[13.51338,43.598647],[13.51332,43.598406],[13.513266,43.59797],[13.513289,43.597434],[13.513385,43.597339],[13.513587,43.597242],[13.513768,43.597204]]},"properties":{"tipo":"condotta","rete":"distribuzione","materiale":"Ghisa grigia 50","via":"Via Fermo"}},{"type":"Feature","geometry":{"type":"LineString","coordinates":[[13.514592,43.599263],[13.514518,43.599275],[13.514441,43.599276],[13.514329,43.599263],[13.513974,43.599215],[13.513652,43.599163],[13.513341,43.599132],[13.51308,43.599129],[13.51298,43.599136],[13.512807,43.599148],[13.512594,43.599179],[13.51213,43.599262],[13.512026,43.599279],[13.51182,43.599314],[13.51137,43.599401],[13.510627,43.599604],[13.510499,43.59964]]},"properties":{"tipo":"condotta","rete":"distribuzione","materiale":"PEAD 32","via":"Via Beniamino Gigli"}},{"type":"Feature","geometry":{"type":"LineString","coordinates":[[13.510499,43.59964],[13.51036,43.599659],[13.510226,43.599642],[13.510073,43.599602],[13.509892,43.599508],[13.509762,43.599388],[13.509697,43.599259],[13.509651,43.599123]]},"properties":{"tipo":"condotta","rete":"distribuzione","materiale":"PEAD 32","via":"Via Beniamino Gigli"}},{"type":"Feature","geometry":{"type":"LineString","coordinates":[[13.515779,43.600823],[13.515723,43.600943],[13.515667,43.601056],[13.515654,43.601078],[13.515536,43.601237],[13.515306,43.601481]]},"properties":{"tipo":"condotta","rete":"adduzione","materiale":"Ghisa sferoidale 150","via":"Via delle Grazie"}},{"type":"Feature","geometry":{"type":"LineString","coordinates":[[13.509137,43.603417],[13.509152,43.603174],[13.509248,43.60295],[13.509329,43.602885],[13.509495,43.602774]]},"properties":{"tipo":"condotta","rete":"distribuzione","materiale":"PEAD 32","via":"Via delle Grazie"}},{"type":"Feature","geometry":{"type":"LineString","coordinates":[[13.509152,43.603174],[13.508748,43.60302],[13.508821,43.602812],[13.508987,43.602685],[13.509236,43.602511]]},"properties":{"tipo":"condotta","rete":"distribuzione","materiale":"PEAD 32","via":"Via delle Grazie"}},{"type":"Feature","geometry":{"type":"LineString","coordinates":[[13.514592,43.599263],[13.514959,43.599183],[13.515001,43.599177],[13.515044,43.599177],[13.515314,43.599198]]},"properties":{"tipo":"condotta","rete":"distribuzione","materiale":"PEAD 90","via":"Via Antonio Leoni"}},{"type":"Feature","geometry":{"type":"LineString","coordinates":[[13.515396,43.599207],[13.516092,43.599358]]},"properties":{"tipo":"condotta","rete":"distribuzione","materiale":"PEAD 90","via":"Via Antonio Leoni"}},{"type":"Feature","geometry":{"type":"LineString","coordinates":[[13.510207,43.597252],[13.510188,43.597216],[13.510178,43.597197],[13.510005,43.596871],[13.509927,43.596723],[13.509881,43.596627],[13.509856,43.59653],[13.509852,43.59644],[13.509883,43.59635],[13.509939,43.596275],[13.510027,43.596208],[13.510234,43.596142],[13.510406,43.596131],[13.511426,43.596192],[13.511603,43.59619],[13.511764,43.59615],[13.511885,43.596069],[13.511956,43.595989],[13.511999,43.595839],[13.512011,43.595701],[13.512041,43.595504],[13.512083,43.595377],[13.51213,43.595288],[13.512205,43.595208],[13.512266,43.595159],[13.512324,43.595114]]},"properties":{"tipo":"condotta","rete":"distribuzione","materiale":"PEAD Non noto","via":"Via Amos Luchetti Gentiloni"}},{"type":"Feature","geometry":{"type":"LineString","coordinates":[[13.50885,43.599165],[13.509104,43.598552]]},"properties":{"tipo":"condotta","rete":"distribuzione","materiale":"PEAD Non noto","via":"Via Montagnola"}},{"type":"Feature","geometry":{"type":"LineString","coordinates":[[13.511231,43.598723],[13.511594,43.598858],[13.511681,43.598908],[13.511836,43.59901],[13.511947,43.599113],[13.512026,43.599279],[13.512034,43.599318],[13.512026,43.599373],[13.512051,43.599829]]},"properties":{"tipo":"condotta","rete":"distribuzione","materiale":"Ghisa grigia 50","via":"Via Augusto Moroder"}},{"type":"Feature","geometry":{"type":"LineString","coordinates":[[13.515941,43.600585],[13.515927,43.600748]]},"properties":{"tipo":"condotta","rete":"distribuzione","materiale":"PEAD 90","via":"Via Ostra"}},{"type":"Feature","geometry":{"type":"LineString","coordinates":[[13.515927,43.600748],[13.515859,43.600972],[13.515783,43.601244]]},"properties":{"tipo":"condotta","rete":"distribuzione","materiale":"PEAD 90","via":"Via Ostra"}},{"type":"Feature","geometry":{"type":"LineString","coordinates":[[13.515927,43.600748],[13.515833,43.600733]]},"properties":{"tipo":"condotta","rete":"distribuzione","materiale":"PEAD 90","via":"Via Ostra"}},{"type":"Feature","geometry":{"type":"LineString","coordinates":[[13.515314,43.600952],[13.515426,43.600987],[13.515484,43.601006]]},"properties":{"tipo":"condotta","rete":"distribuzione","materiale":"Ghisa grigia 50","via":"Via Agostino Peruzzi"}},{"type":"Feature","geometry":{"type":"LineString","coordinates":[[13.51521,43.600918],[13.515094,43.600886],[13.514554,43.600718]]},"properties":{"tipo":"condotta","rete":"distribuzione","materiale":"Ghisa grigia 50","via":"Via Agostino Peruzzi"}},{"type":"Feature","geometry":{"type":"LineString","coordinates":[[13.516651,43.598397],[13.516829,43.598353],[13.517713,43.598195],[13.517801,43.598167],[13.51791,43.598122],[13.517943,43.598105]]},"properties":{"tipo":"condotta","rete":"adduzione","materiale":"Fibrocemento 100","via":"Via Giovanni Pichi Tancredi"}},{"type":"Feature","geometry":{"type":"LineString","coordinates":[[13.517082,43.598421],[13.517127,43.598393],[13.517587,43.598306],[13.517619,43.598309],[13.517643,43.598321],[13.517649,43.598342],[13.517642,43.598365],[13.517581,43.598447],[13.517525,43.598524],[13.517487,43.598602]]},"properties":{"tipo":"condotta","rete":"distribuzione","materiale":"PEAD Non noto","via":"Via Giovanni Pichi Tancredi"}},{"type":"Feature","geometry":{"type":"LineString","coordinates":[[13.516681,43.598562],[13.516651,43.598397]]},"properties":{"tipo":"condotta","rete":"distribuzione","materiale":"PEAD Non noto","via":"Via Giovanni Pichi Tancredi"}},{"type":"Feature","geometry":{"type":"LineString","coordinates":[[13.510495,43.599876],[13.510549,43.600047],[13.510681,43.600394],[13.510716,43.600508]]},"properties":{"tipo":"condotta","rete":"distribuzione","materiale":"PEAD 50","via":"Via Armando Seppilli"}},{"type":"Feature","geometry":{"type":"LineString","coordinates":[[13.510495,43.599876],[13.510386,43.599731],[13.51036,43.599659]]},"properties":{"tipo":"condotta","rete":"distribuzione","materiale":"PEAD 50","via":"Via Armando Seppilli"}},{"type":"Feature","geometry":{"type":"LineString","coordinates":[[13.510499,43.59964],[13.510495,43.599876]]},"properties":{"tipo":"condotta","rete":"distribuzione","materiale":"PEAD 50","via":"Via Armando Seppilli"}},{"type":"Feature","geometry":{"type":"LineString","coordinates":[[13.509258,43.600626],[13.509189,43.600599],[13.509048,43.600334],[13.509013,43.600313],[13.508951,43.6003],[13.508871,43.600303]]},"properties":{"tipo":"condotta","rete":"adduzione","materiale":"Fibrocemento 100","via":"Via Montagnola"}},{"type":"Feature","geometry":{"type":"LineString","coordinates":[[13.509258,43.600626],[13.509334,43.600788],[13.509363,43.600904],[13.509373,43.601032],[13.509367,43.601137],[13.509327,43.60128],[13.509247,43.601423],[13.509195,43.601498],[13.509184,43.601515],[13.50917,43.601529],[13.509157,43.601543],[13.509099,43.601648],[13.509104,43.6017]]},"properties":{"tipo":"condotta","rete":"adduzione","materiale":"Fibrocemento 100","via":"Via Montagnola"}},{"type":"Feature","geometry":{"type":"LineString","coordinates":[[13.508828,43.601825],[13.508787,43.601844],[13.508738,43.601869],[13.508337,43.602092],[13.507728,43.60244]]},"properties":{"tipo":"condotta","rete":"adduzione","materiale":"Acciaio 200","via":"Via Mario Torresi"}},{"type":"Feature","geometry":{"type":"LineString","coordinates":[[13.508044,43.601427],[13.507666,43.60091]]},"properties":{"tipo":"condotta","rete":"distribuzione","materiale":"PVC 90","via":"Piazza d'Armi"}},{"type":"Feature","geometry":{"type":"LineString","coordinates":[[13.517994,43.59788],[13.518026,43.597956],[13.518058,43.598008],[13.518075,43.598044]]},"properties":{"tipo":"condotta","rete":"adduzione","materiale":"Acciaio 100","via":"Via Benedetto Croce"}},{"type":"Feature","geometry":{"type":"LineString","coordinates":[[13.517994,43.59788],[13.517992,43.597665],[13.517992,43.597635],[13.517992,43.597605],[13.518006,43.596572],[13.518006,43.596542],[13.518007,43.596511],[13.518014,43.596291],[13.518052,43.595622],[13.518069,43.595379],[13.518084,43.595187]]},"properties":{"tipo":"condotta","rete":"adduzione","materiale":"Acciaio 100","via":"Via Benedetto Croce"}},{"type":"Feature","geometry":{"type":"LineString","coordinates":[[13.514992,43.597832],[13.514163,43.598067]]},"properties":{"tipo":"condotta","rete":"distribuzione","materiale":"PEAD 32","via":"Via Alessandro Manzoni"}},{"type":"Feature","geometry":{"type":"LineString","coordinates":[[13.514819,43.597651],[13.514158,43.597659]]},"properties":{"tipo":"condotta","rete":"distribuzione","materiale":"PEAD 32","via":"Via Alessandro Manzoni"}},{"type":"Feature","geometry":{"type":"LineString","coordinates":[[13.514793,43.597465],[13.514145,43.597094]]},"properties":{"tipo":"condotta","rete":"distribuzione","materiale":"PEAD 32","via":"Via Alessandro Manzoni"}},{"type":"Feature","geometry":{"type":"LineString","coordinates":[[13.514921,43.597387],[13.514852,43.597286],[13.514882,43.596609],[13.515171,43.596598],[13.51515,43.597088]]},"properties":{"tipo":"condotta","rete":"distribuzione","materiale":"PEAD 32","via":"Via Alessandro Manzoni"}},{"type":"Feature","geometry":{"type":"LineString","coordinates":[[13.514852,43.597286],[13.514538,43.596832]]},"properties":{"tipo":"condotta","rete":"distribuzione","materiale":"PEAD 32","via":"Via Alessandro Manzoni"}},{"type":"Feature","geometry":{"type":"LineString","coordinates":[[13.515136,43.598002],[13.515112,43.597965],[13.514992,43.597832],[13.514954,43.59776]]},"properties":{"tipo":"condotta","rete":"distribuzione","materiale":"PEAD 32","via":"Via Alessandro Manzoni"}},{"type":"Feature","geometry":{"type":"LineString","coordinates":[[13.514954,43.59776],[13.514819,43.597651],[13.514774,43.597554],[13.514793,43.597465],[13.514843,43.597404],[13.514921,43.597387],[13.515048,43.597387],[13.515117,43.597428],[13.515171,43.597482],[13.515153,43.597582],[13.515071,43.597642],[13.514954,43.59776]]},"properties":{"tipo":"condotta","rete":"distribuzione","materiale":"PEAD 32","via":"Via Alessandro Manzoni"}},{"type":"Feature","geometry":{"type":"LineString","coordinates":[[13.517166,43.596144],[13.516729,43.595652],[13.516511,43.595392]]},"properties":{"tipo":"condotta","rete":"distribuzione","materiale":"PEAD 63","via":"Via Francesco Petrarca"}},{"type":"Feature","geometry":{"type":"LineString","coordinates":[[13.517166,43.596144],[13.517125,43.596205],[13.517096,43.596319],[13.51705,43.596359],[13.516987,43.596364],[13.516886,43.596243],[13.516496,43.595777],[13.516686,43.595701],[13.516731,43.595683]]},"properties":{"tipo":"condotta","rete":"distribuzione","materiale":"PEAD 32","via":"Via Umberto Saba"}},{"type":"Feature","geometry":{"type":"LineString","coordinates":[[13.501814,43.595286],[13.502133,43.595741],[13.502206,43.595844],[13.502372,43.59607],[13.502981,43.596961],[13.503021,43.597017],[13.503072,43.597097],[13.503182,43.597249],[13.503206,43.597288],[13.503463,43.597644],[13.503713,43.597989],[13.504058,43.598487]]},"properties":{"tipo":"condotta","rete":"adduzione","materiale":"Acciaio 100","via":"Via Alessandro Maggini"}},{"type":"Feature","geometry":{"type":"LineString","coordinates":[[13.50478,43.597595],[13.505531,43.597287],[13.505695,43.597439],[13.505742,43.597481],[13.505905,43.597436],[13.506305,43.597437]]},"properties":{"tipo":"condotta","rete":"distribuzione","materiale":"PEAD 110","via":"Via Ariovisto Pezzotti"}},{"type":"Feature","geometry":{"type":"LineString","coordinates":[[13.50596,43.601139],[13.505839,43.600978],[13.505814,43.600943],[13.50546,43.600408]]},"properties":{"tipo":"condotta","rete":"adduzione","materiale":"Fibrocemento 100","via":"Viale Cristoforo Colombo"}},{"type":"Feature","geometry":{"type":"LineString","coordinates":[[13.504718,43.599413],[13.504942,43.599724]]},"properties":{"tipo":"condotta","rete":"adduzione","materiale":"Fibrocemento 100","via":"Viale Cristoforo Colombo"}},{"type":"Feature","geometry":{"type":"LineString","coordinates":[[13.504942,43.599724],[13.505125,43.599978],[13.505198,43.600084]]},"properties":{"tipo":"condotta","rete":"adduzione","materiale":"Fibrocemento 100","via":"Viale Cristoforo Colombo"}},{"type":"Feature","geometry":{"type":"LineString","coordinates":[[13.505444,43.596143],[13.505482,43.596582],[13.505506,43.596974],[13.505531,43.597287]]},"properties":{"tipo":"condotta","rete":"distribuzione","materiale":"PEAD 50","via":"Via dell'Artigianato"}},{"type":"Feature","geometry":{"type":"LineString","coordinates":[[13.50546,43.600408],[13.505317,43.600313],[13.505272,43.600253],[13.505198,43.600084]]},"properties":{"tipo":"condotta","rete":"adduzione","materiale":"Fibrocemento 100","via":"Viale Cristoforo Colombo"}},{"type":"Feature","geometry":{"type":"LineString","coordinates":[[13.51819,43.598134],[13.518184,43.598163],[13.518175,43.598178],[13.518153,43.5982]]},"properties":{"tipo":"condotta","rete":"adduzione","materiale":"Acciaio 200","via":"Via Colle Verde"}},{"type":"Feature","geometry":{"type":"LineString","coordinates":[[13.518153,43.5982],[13.518126,43.598215],[13.518092,43.598225],[13.518062,43.598227],[13.518022,43.598222],[13.517987,43.598209],[13.517959,43.598188],[13.517941,43.598162],[13.517936,43.598133],[13.517943,43.598105]]},"properties":{"tipo":"condotta","rete":"adduzione","materiale":"Acciaio 200","via":"Via Colle Verde"}},{"type":"Feature","geometry":{"type":"LineString","coordinates":[[13.517943,43.598105],[13.517952,43.59809],[13.517963,43.598078],[13.517995,43.598057],[13.518034,43.598045],[13.518075,43.598044],[13.518091,43.598045]]},"properties":{"tipo":"condotta","rete":"adduzione","materiale":"Acciaio 200","via":"Via Colle Verde"}},{"type":"Feature","geometry":{"type":"LineString","coordinates":[[13.516893,43.597998],[13.516958,43.597869],[13.516975,43.597825],[13.51699,43.59779],[13.517228,43.597157],[13.517331,43.59673],[13.517434,43.596307],[13.517435,43.596202],[13.517425,43.59609],[13.51742,43.596019],[13.517404,43.59576],[13.5174,43.595709],[13.517381,43.59542],[13.517358,43.594745],[13.517385,43.594191],[13.51739,43.594132],[13.517399,43.594037],[13.517417,43.593875],[13.51743,43.593746],[13.517432,43.593517],[13.517398,43.593232],[13.51736,43.593081],[13.517086,43.592079],[13.517019,43.591855],[13.516983,43.591738],[13.516956,43.591648],[13.516877,43.591318],[13.516858,43.591221],[13.516846,43.591097],[13.516877,43.590918],[13.516961,43.590761],[13.517119,43.590585],[13.517188,43.590509],[13.517244,43.590448],[13.517331,43.590354],[13.517371,43.590312]]},"properties":{"tipo":"condotta","rete":"adduzione","materiale":"Ghisa sferoidale 100","via":"Via Tavernelle"}},{"type":"Feature","geometry":{"type":"LineString","coordinates":[[13.512907,43.602725],[13.512712,43.602827],[13.512611,43.602863],[13.51197,43.602978],[13.511662,43.60302],[13.510679,43.603095],[13.510033,43.603157],[13.509774,43.603221],[13.509447,43.603322],[13.509137,43.603417],[13.508975,43.603493],[13.508903,43.603532],[13.508801,43.603589],[13.508697,43.603652],[13.508669,43.603669],[13.508245,43.603974],[13.508177,43.604022],[13.508096,43.604081]]},"properties":{"tipo":"condotta","rete":"adduzione","materiale":"Ghisa sferoidale 150","via":"Via delle Grazie"}},{"type":"Feature","geometry":{"type":"LineString","coordinates":[[13.508974,43.600092],[13.509103,43.600319],[13.509144,43.600384],[13.509258,43.600626]]},"properties":{"tipo":"condotta","rete":"adduzione","materiale":"Fibrocemento 100","via":"Via Montagnola"}},{"type":"Feature","geometry":{"type":"LineString","coordinates":[[13.514592,43.599263],[13.514445,43.599086],[13.514404,43.59902],[13.514385,43.598977],[13.514372,43.59892],[13.514373,43.598864],[13.514384,43.598805],[13.514404,43.598752],[13.514429,43.598699]]},"properties":{"tipo":"condotta","rete":"adduzione","materiale":"Acciaio 200","via":"Via Mario Torresi"}},{"type":"Feature","geometry":{"type":"LineString","coordinates":[[13.514527,43.598602],[13.514577,43.598574],[13.514628,43.598555],[13.514712,43.598539],[13.514801,43.598533]]},"properties":{"tipo":"condotta","rete":"adduzione","materiale":"Acciaio 200","via":"Via Mario Torresi"}},{"type":"Feature","geometry":{"type":"LineString","coordinates":[[13.515722,43.597195],[13.515738,43.597092],[13.515781,43.596894],[13.515796,43.59676],[13.51582,43.596581]]},"properties":{"tipo":"condotta","rete":"distribuzione","materiale":"PEAD 32","via":"Via Alessandro Manzoni"}},{"type":"Feature","geometry":{"type":"LineString","coordinates":[[13.514527,43.598602],[13.514463,43.598576],[13.514447,43.598547],[13.514438,43.598512],[13.514444,43.598421]]},"properties":{"tipo":"condotta","rete":"distribuzione","materiale":"PEAD 32","via":"Via Alessandro Manzoni"}},{"type":"Feature","geometry":{"type":"LineString","coordinates":[[13.515136,43.598002],[13.51506,43.598084],[13.514687,43.598273],[13.514613,43.598327]]},"properties":{"tipo":"condotta","rete":"distribuzione","materiale":"PEAD 32","via":"Via Alessandro Manzoni"}},{"type":"Feature","geometry":{"type":"LineString","coordinates":[[13.515125,43.601909],[13.515112,43.601802],[13.515101,43.601699],[13.515066,43.601588]]},"properties":{"tipo":"condotta","rete":"adduzione","materiale":"Ghisa sferoidale 100","via":"Via Luigi Paolucci"}},{"type":"Feature","geometry":{"type":"LineString","coordinates":[[13.510198,43.600612],[13.510716,43.600508]]},"properties":{"tipo":"condotta","rete":"distribuzione","materiale":"PEAD 90","via":"Via Giuseppe Bornaccini"}},{"type":"Feature","geometry":{"type":"LineString","coordinates":[[13.504207,43.59873],[13.504144,43.598694],[13.504114,43.598644],[13.504058,43.598487]]},"properties":{"tipo":"condotta","rete":"adduzione","materiale":"Acciaio 100","via":"Via Alessandro Maggini"}},{"type":"Feature","geometry":{"type":"LineString","coordinates":[[13.504058,43.598487],[13.504173,43.598623],[13.504207,43.598674],[13.504207,43.59873]]},"properties":{"tipo":"condotta","rete":"adduzione","materiale":"Acciaio 100","via":"Via Alessandro Maggini"}},{"type":"Feature","geometry":{"type":"LineString","coordinates":[[13.504435,43.597732],[13.504214,43.597431]]},"properties":{"tipo":"condotta","rete":"distribuzione","materiale":"PEAD 110","via":"Via Ariovisto Pezzotti"}},{"type":"Feature","geometry":{"type":"LineString","coordinates":[[13.50695,43.603184],[13.507,43.603093],[13.507098,43.602995],[13.507165,43.602927],[13.50723,43.602862]]},"properties":{"tipo":"condotta","rete":"adduzione","materiale":"Acciaio 200","via":"Piazza Ugo Bassi"}},{"type":"Feature","geometry":{"type":"LineString","coordinates":[[13.504032,43.595824],[13.50398,43.595341],[13.503933,43.594921],[13.503892,43.59469],[13.503878,43.5946],[13.503855,43.594472],[13.503847,43.594424],[13.503837,43.594374],[13.503829,43.594324],[13.503764,43.594027],[13.503656,43.593529]]},"properties":{"tipo":"condotta","rete":"distribuzione","materiale":"PVC 90","via":"Via dell'Industria"}},{"type":"Feature","geometry":{"type":"LineString","coordinates":[[13.504057,43.596231],[13.504057,43.596195],[13.504044,43.596061],[13.504032,43.595824]]},"properties":{"tipo":"condotta","rete":"distribuzione","materiale":"PVC 90","via":"Via dell'Industria"}},{"type":"Feature","geometry":{"type":"LineString","coordinates":[[13.516862,43.598744],[13.516825,43.598719],[13.516796,43.598693],[13.516751,43.59862],[13.516732,43.59859],[13.516711,43.598567],[13.516681,43.598562],[13.516653,43.598578],[13.516636,43.5986],[13.516567,43.598745]]},"properties":{"tipo":"condotta","rete":"distribuzione","materiale":"PEAD Non noto","via":"Via Giovanni Pichi Tancredi"}},{"type":"Feature","geometry":{"type":"LineString","coordinates":[[13.506664,43.596494],[13.506658,43.59637]]},"properties":{"tipo":"condotta","rete":"distribuzione","materiale":"PEAD 50","via":"Via Joyce Lussu"}},{"type":"Feature","geometry":{"type":"LineString","coordinates":[[13.506658,43.59637],[13.506789,43.596457]]},"properties":{"tipo":"condotta","rete":"distribuzione","materiale":"PEAD 50","via":"Via Joyce Lussu"}},{"type":"Feature","geometry":{"type":"LineString","coordinates":[[13.506788,43.596604],[13.506664,43.596494],[13.506477,43.596421]]},"properties":{"tipo":"condotta","rete":"distribuzione","materiale":"PEAD 50","via":"Via Joyce Lussu"}},{"type":"Feature","geometry":{"type":"LineString","coordinates":[[13.506861,43.596272],[13.506789,43.596457],[13.506788,43.596604]]},"properties":{"tipo":"condotta","rete":"distribuzione","materiale":"PEAD 50","via":"Via Joyce Lussu"}},{"type":"Feature","geometry":{"type":"LineString","coordinates":[[13.506788,43.596604],[13.506915,43.596831],[13.507401,43.597567],[13.50762,43.597996]]},"properties":{"tipo":"condotta","rete":"distribuzione","materiale":"PEAD 50","via":"Via Joyce Lussu"}},{"type":"Feature","geometry":{"type":"LineString","coordinates":[[13.514429,43.598699],[13.514474,43.598645],[13.514527,43.598602]]},"properties":{"tipo":"condotta","rete":"adduzione","materiale":"Acciaio 200","via":"Via Mario Torresi"}},{"type":"Feature","geometry":{"type":"LineString","coordinates":[[13.515226,43.598532],[13.51565,43.598531],[13.516211,43.598511],[13.516421,43.598466],[13.516651,43.598397]]},"properties":{"tipo":"condotta","rete":"adduzione","materiale":"Acciaio 200","via":"Via Mario Torresi"}},{"type":"Feature","geometry":{"type":"LineString","coordinates":[[13.511412,43.600385],[13.51107,43.600441],[13.511078,43.600306],[13.511109,43.600299],[13.511331,43.600248],[13.51138,43.600258],[13.511422,43.600301],[13.511426,43.600364],[13.511412,43.600385]]},"properties":{"tipo":"condotta","rete":"distribuzione","materiale":"PEAD 90","via":"Via Giuseppe Bornaccini"}},{"type":"Feature","geometry":{"type":"LineString","coordinates":[[13.51382,43.602247],[13.513752,43.602284],[13.513642,43.602341],[13.513342,43.602493],[13.512907,43.602725]]},"properties":{"tipo":"condotta","rete":"adduzione","materiale":"Ghisa sferoidale 150","via":"Via delle Grazie"}},{"type":"Feature","geometry":{"type":"LineString","coordinates":[[13.515066,43.601588],[13.51495,43.60165],[13.514918,43.601667],[13.514106,43.602094],[13.51382,43.602247]]},"properties":{"tipo":"condotta","rete":"adduzione","materiale":"Ghisa sferoidale 150","via":"Via delle Grazie"}},{"type":"Feature","geometry":{"type":"LineString","coordinates":[[13.506176,43.602112],[13.506184,43.60207],[13.506163,43.602007],[13.506126,43.601967],[13.505962,43.601689]]},"properties":{"tipo":"condotta","rete":"distribuzione","materiale":"PVC 90","via":"Via Loreto"}},{"type":"Feature","geometry":{"type":"LineString","coordinates":[[13.51151,43.598605],[13.511448,43.598528],[13.511454,43.598372]]},"properties":{"tipo":"condotta","rete":"distribuzione","materiale":"Acciaio 80","via":"Via dei Cappuccini"}},{"type":"Feature","geometry":{"type":"LineString","coordinates":[[13.512051,43.599829],[13.512077,43.600118],[13.512081,43.600176],[13.512087,43.600411],[13.512323,43.60046],[13.512655,43.600502],[13.512806,43.600516],[13.512924,43.600509]]},"properties":{"tipo":"condotta","rete":"distribuzione","materiale":"Ghisa grigia 50","via":"Via Augusto Moroder"}},{"type":"Feature","geometry":{"type":"LineString","coordinates":[[13.505386,43.595927],[13.505529,43.595911]]},"properties":{"tipo":"condotta","rete":"distribuzione","materiale":"PEAD 32","via":""}},{"type":"Feature","geometry":{"type":"LineString","coordinates":[[13.507728,43.60244],[13.507362,43.60275],[13.50732,43.602786],[13.50723,43.602862]]},"properties":{"tipo":"condotta","rete":"adduzione","materiale":"Acciaio 200","via":"Via Mario Torresi"}},{"type":"Feature","geometry":{"type":"LineString","coordinates":[[13.516365,43.598789],[13.516507,43.598582],[13.516528,43.598552],[13.516651,43.598397]]},"properties":{"tipo":"condotta","rete":"adduzione","materiale":"Ghisa sferoidale 150","via":"Via delle Grazie"}},{"type":"Feature","geometry":{"type":"LineString","coordinates":[[13.515306,43.601481],[13.515265,43.601502],[13.515205,43.601535],[13.515066,43.601588]]},"properties":{"tipo":"condotta","rete":"adduzione","materiale":"Ghisa sferoidale 150","via":"Via delle Grazie"}},{"type":"Feature","geometry":{"type":"LineString","coordinates":[[13.515779,43.600823],[13.515838,43.600568],[13.515868,43.600435]]},"properties":{"tipo":"condotta","rete":"adduzione","materiale":"Ghisa sferoidale 150","via":"Via delle Grazie"}},{"type":"Feature","geometry":{"type":"LineString","coordinates":[[13.513561,43.601397],[13.513796,43.601486],[13.514162,43.601275]]},"properties":{"tipo":"condotta","rete":"distribuzione","materiale":"Acciaio 65","via":"Via Camerano"}},{"type":"Feature","geometry":{"type":"LineString","coordinates":[[13.510549,43.600047],[13.510616,43.600017],[13.510714,43.599989],[13.511214,43.599787],[13.511255,43.599806]]},"properties":{"tipo":"condotta","rete":"distribuzione","materiale":"PEAD 50","via":"Via Armando Seppilli"}},{"type":"Feature","geometry":{"type":"LineString","coordinates":[[13.51138,43.600258],[13.511385,43.60023],[13.511342,43.599864],[13.51133,43.599853],[13.511255,43.599806]]},"properties":{"tipo":"condotta","rete":"distribuzione","materiale":"PEAD 110","via":"Largo Staffette Partigiane"}},{"type":"Feature","geometry":{"type":"LineString","coordinates":[[13.51133,43.599853],[13.511358,43.599834],[13.511371,43.599826]]},"properties":{"tipo":"condotta","rete":"distribuzione","materiale":"PEAD 110","via":"Largo Staffette Partigiane"}},{"type":"Feature","geometry":{"type":"LineString","coordinates":[[13.502465,43.60284],[13.502787,43.602907],[13.503011,43.602952]]},"properties":{"tipo":"condotta","rete":"distribuzione","materiale":"PEAD 50","via":"Via Scrima"}},{"type":"Feature","geometry":{"type":"LineString","coordinates":[[13.504704,43.600818],[13.504555,43.60078],[13.504419,43.600745],[13.504313,43.600721],[13.503964,43.600631],[13.503736,43.600571]]},"properties":{"tipo":"condotta","rete":"adduzione","materiale":"Fibrocemento 100","via":"Via Ascoli Piceno"}},{"type":"Feature","geometry":{"type":"LineString","coordinates":[[13.505366,43.600997],[13.505185,43.600948],[13.504704,43.600818]]},"properties":{"tipo":"condotta","rete":"adduzione","materiale":"Fibrocemento 100","via":"Via Ascoli Piceno"}},{"type":"Feature","geometry":{"type":"LineString","coordinates":[[13.514801,43.598533],[13.514874,43.598533]]},"properties":{"tipo":"condotta","rete":"adduzione","materiale":"Acciaio 200","via":"Via Mario Torresi"}},{"type":"Feature","geometry":{"type":"LineString","coordinates":[[13.514874,43.598533],[13.515226,43.598532]]},"properties":{"tipo":"condotta","rete":"adduzione","materiale":"Acciaio 200","via":"Via Mario Torresi"}},{"type":"Feature","geometry":{"type":"LineString","coordinates":[[13.51725,43.598866],[13.517048,43.598825],[13.516846,43.598781],[13.516862,43.598744],[13.516944,43.598604],[13.517082,43.598421]]},"properties":{"tipo":"condotta","rete":"distribuzione","materiale":"PEAD Non noto","via":"Via Giovanni Pichi Tancredi"}},{"type":"Feature","geometry":{"type":"LineString","coordinates":[[13.514541,43.598706],[13.51551,43.598772],[13.516044,43.598757],[13.516365,43.598789]]},"properties":{"tipo":"condotta","rete":"distribuzione","materiale":"Ghisa grigia 50","via":"Via Fermo"}},{"type":"Feature","geometry":{"type":"LineString","coordinates":[[13.50445,43.599061],[13.504718,43.599413]]},"properties":{"tipo":"condotta","rete":"adduzione","materiale":"Fibrocemento 100","via":"Viale Cristoforo Colombo"}},{"type":"Feature","geometry":{"type":"LineString","coordinates":[[13.504378,43.598966],[13.50445,43.599061]]},"properties":{"tipo":"condotta","rete":"adduzione","materiale":"Fibrocemento 100","via":"Viale Cristoforo Colombo"}},{"type":"Feature","geometry":{"type":"LineString","coordinates":[[13.505399,43.600307],[13.505435,43.600269],[13.505476,43.600229],[13.505515,43.600196],[13.505569,43.600165],[13.505731,43.600096]]},"properties":{"tipo":"condotta","rete":"adduzione","materiale":"Ghisa sferoidale 100","via":"Via della Marina"}},{"type":"Feature","geometry":{"type":"LineString","coordinates":[[13.508185,43.599194],[13.508311,43.599168],[13.508421,43.599151],[13.508519,43.599126]]},"properties":{"tipo":"condotta","rete":"adduzione","materiale":"Ghisa sferoidale 100","via":"Via della Marina"}},{"type":"Feature","geometry":{"type":"LineString","coordinates":[[13.508519,43.599126],[13.50852,43.59922],[13.508535,43.599303],[13.508573,43.599389]]},"properties":{"tipo":"condotta","rete":"adduzione","materiale":"Fibrocemento 100","via":"Via Montagnola"}},{"type":"Feature","geometry":{"type":"LineString","coordinates":[[13.508573,43.599389],[13.508974,43.600092]]},"properties":{"tipo":"condotta","rete":"adduzione","materiale":"Fibrocemento 100","via":"Via Montagnola"}},{"type":"Feature","geometry":{"type":"LineString","coordinates":[[13.507891,43.600669],[13.506556,43.601167],[13.506516,43.601191],[13.506503,43.601216],[13.5065,43.601246],[13.506538,43.601307],[13.50654,43.60133],[13.506533,43.60135],[13.506515,43.601377],[13.506434,43.60141],[13.50638,43.601431],[13.506336,43.601449],[13.506234,43.60149]]},"properties":{"tipo":"condotta","rete":"adduzione","materiale":"Fibrocemento 100","via":"Piazza d'Armi"}},{"type":"Feature","geometry":{"type":"LineString","coordinates":[[13.505645,43.595898],[13.506075,43.595849]]},"properties":{"tipo":"condotta","rete":"distribuzione","materiale":"Acciaio 80","via":""}},{"type":"Feature","geometry":{"type":"LineString","coordinates":[[13.505529,43.595911],[13.505645,43.595898]]},"properties":{"tipo":"condotta","rete":"distribuzione","materiale":"PEAD 90","via":""}},{"type":"Feature","geometry":{"type":"LineString","coordinates":[[13.514613,43.598327],[13.514552,43.59838],[13.514526,43.598463],[13.514523,43.598535],[13.514523,43.59855],[13.514527,43.598602]]},"properties":{"tipo":"condotta","rete":"distribuzione","materiale":"PEAD 32","via":"Via Alessandro Manzoni"}},{"type":"Feature","geometry":{"type":"LineString","coordinates":[[13.514444,43.598421],[13.514482,43.598349],[13.514555,43.598277],[13.514652,43.598222],[13.515064,43.598029],[13.515136,43.598002]]},"properties":{"tipo":"condotta","rete":"distribuzione","materiale":"PEAD 32","via":"Via Alessandro Manzoni"}},{"type":"Feature","geometry":{"type":"LineString","coordinates":[[13.509104,43.6017],[13.509216,43.601668],[13.509259,43.601658],[13.509303,43.601648],[13.509395,43.601632],[13.509506,43.601613]]},"properties":{"tipo":"condotta","rete":"adduzione","materiale":"Acciaio 200","via":"Via Mario Torresi"}},{"type":"Feature","geometry":{"type":"LineString","coordinates":[[13.508378,43.603242],[13.508575,43.602735],[13.508651,43.602622],[13.508778,43.602528]]},"properties":{"tipo":"condotta","rete":"adduzione","materiale":"Ghisa sferoidale 150","via":"Via Maiolati"}},{"type":"Feature","geometry":{"type":"Point","coordinates":[13.518153,43.5982]},"properties":{"tipo":"riduttore","codice":"AN01","via":"Via Colle Verde","comune":"Ancona"}},{"type":"Feature","geometry":{"type":"Point","coordinates":[13.515779,43.600823]},"properties":{"tipo":"riduttore","codice":"AN02","via":"Via Colle Verde / Via delle Grazie","comune":"Ancona"}},{"type":"Feature","geometry":{"type":"Point","coordinates":[13.509104,43.6017]},"properties":{"tipo":"riduttore","codice":"AN03","via":"Via Mario Torresi / Via Montagnola","comune":"Ancona"}},{"type":"Feature","geometry":{"type":"Point","coordinates":[13.514592,43.599263]},"properties":{"tipo":"riduttore","codice":"AN04","via":"Via Antonio Leoni / Via Beniamino Gigli","comune":"Ancona"}},{"type":"Feature","geometry":{"type":"Point","coordinates":[13.512701,43.60123]},"properties":{"tipo":"riduttore","codice":"AN05","via":"Via Alfredo Antinori / Via Camerano","comune":"Ancona"}},{"type":"Feature","geometry":{"type":"Point","coordinates":[13.505731,43.600096]},"properties":{"tipo":"riduttore","codice":"AN06","via":"Via della Marina","comune":"Ancona"}},{"type":"Feature","geometry":{"type":"Point","coordinates":[13.516365,43.598789]},"properties":{"tipo":"riduttore","codice":"AN07","via":"Via Fermo / Via delle Grazie","comune":"Ancona"}},{"type":"Feature","geometry":{"type":"Point","coordinates":[13.50723,43.602862]},"properties":{"tipo":"riduttore","codice":"AN08","via":"Piazza Ugo Bassi / Via Mario Torresi","comune":"Ancona"}},{"type":"Feature","geometry":{"type":"Point","coordinates":[13.504207,43.59873]},"properties":{"tipo":"riduttore","codice":"AN09","via":"Via Alessandro Maggini / Via delle Palombare","comune":"Ancona"}},{"type":"Feature","geometry":{"type":"Point","coordinates":[13.508519,43.599126]},"properties":{"tipo":"riduttore","codice":"AN10","via":"Via Fermo / Via Montagnola","comune":"Ancona"}},{"type":"Feature","geometry":{"type":"Point","coordinates":[13.507891,43.600669]},"properties":{"tipo":"riduttore","codice":"AN11","via":"Piazza d'Armi","comune":"Ancona"}},{"type":"Feature","geometry":{"type":"Point","coordinates":[13.50536,43.602022]},"properties":{"tipo":"riduttore","codice":"AN12","via":"Via Jesi / Via Senigallia","comune":"Ancona"}},{"type":"Feature","geometry":{"type":"LineString","coordinates":[[13.517236,43.600688],[13.517038,43.600193]]},"properties":{"tipo":"allaccio"}},{"type":"Feature","geometry":{"type":"Point","coordinates":[13.517236,43.600688]},"properties":{"tipo":"contatore","id":"C0001","via":"Via delle Grazie","civico":"77","cap":"60128","comune":"Ancona"}},{"type":"Feature","geometry":{"type":"LineString","coordinates":[[13.51007,43.601756],[13.510038,43.601563]]},"properties":{"tipo":"allaccio"}},{"type":"Feature","geometry":{"type":"Point","coordinates":[13.51007,43.601756]},"properties":{"tipo":"contatore","id":"C0002","via":"Via Mario Torresi","civico":"48","cap":"60128","comune":"Ancona"}},{"type":"Feature","geometry":{"type":"LineString","coordinates":[[13.50394,43.598651],[13.504105,43.598619]]},"properties":{"tipo":"allaccio"}},{"type":"Feature","geometry":{"type":"Point","coordinates":[13.50394,43.598651]},"properties":{"tipo":"contatore","id":"C0003","via":"Via Alessandro Maggini","civico":"","cap":"60127","comune":"Ancona"}},{"type":"Feature","geometry":{"type":"LineString","coordinates":[[13.504473,43.599699],[13.504608,43.599653]]},"properties":{"tipo":"allaccio"}},{"type":"Feature","geometry":{"type":"Point","coordinates":[13.504473,43.599699]},"properties":{"tipo":"contatore","id":"C0004","via":"Viale Cristoforo Colombo","civico":"25A","cap":"60127","comune":"Ancona"}},{"type":"Feature","geometry":{"type":"LineString","coordinates":[[13.503696,43.599977],[13.503494,43.600515]]},"properties":{"tipo":"allaccio"}},{"type":"Feature","geometry":{"type":"Point","coordinates":[13.503696,43.599977]},"properties":{"tipo":"contatore","id":"C0005","via":"Via Ascoli Piceno","civico":"31","cap":"60126","comune":"Ancona"}},{"type":"Feature","geometry":{"type":"LineString","coordinates":[[13.503886,43.599156],[13.504378,43.598966]]},"properties":{"tipo":"allaccio"}},{"type":"Feature","geometry":{"type":"Point","coordinates":[13.503886,43.599156]},"properties":{"tipo":"contatore","id":"C0006","via":"Viale Cristoforo Colombo","civico":"","cap":"60127","comune":"Ancona"}},{"type":"Feature","geometry":{"type":"LineString","coordinates":[[13.504564,43.599502],[13.504666,43.599527]]},"properties":{"tipo":"allaccio"}},{"type":"Feature","geometry":{"type":"Point","coordinates":[13.504564,43.599502]},"properties":{"tipo":"contatore","id":"C0007","via":"Viale Cristoforo Colombo","civico":"25A","cap":"60127","comune":"Ancona"}},{"type":"Feature","geometry":{"type":"LineString","coordinates":[[13.503941,43.601577],[13.503978,43.601508]]},"properties":{"tipo":"allaccio"}},{"type":"Feature","geometry":{"type":"Point","coordinates":[13.503941,43.601577]},"properties":{"tipo":"contatore","id":"C0008","via":"Via Chiaravalle","civico":"17","cap":"60126","comune":"Ancona"}},{"type":"Feature","geometry":{"type":"LineString","coordinates":[[13.503888,43.601849],[13.503972,43.601873]]},"properties":{"tipo":"allaccio"}},{"type":"Feature","geometry":{"type":"Point","coordinates":[13.503888,43.601849]},"properties":{"tipo":"contatore","id":"C0009","via":"Via Chiaravalle","civico":"19","cap":"60126","comune":"Ancona"}},{"type":"Feature","geometry":{"type":"LineString","coordinates":[[13.50335,43.601752],[13.503299,43.601559]]},"properties":{"tipo":"allaccio"}},{"type":"Feature","geometry":{"type":"Point","coordinates":[13.50335,43.601752]},"properties":{"tipo":"contatore","id":"C0010","via":"Via Pesaro","civico":"24B","cap":"60126","comune":"Ancona"}},{"type":"Feature","geometry":{"type":"LineString","coordinates":[[13.503679,43.60148],[13.503705,43.601431]]},"properties":{"tipo":"allaccio"}},{"type":"Feature","geometry":{"type":"Point","coordinates":[13.503679,43.60148]},"properties":{"tipo":"contatore","id":"C0011","via":"Via Jesi","civico":"44","cap":"60126","comune":"Ancona"}},{"type":"Feature","geometry":{"type":"LineString","coordinates":[[13.503011,43.601593],[13.503022,43.601531]]},"properties":{"tipo":"allaccio"}},{"type":"Feature","geometry":{"type":"Point","coordinates":[13.503011,43.601593]},"properties":{"tipo":"contatore","id":"C0012","via":"Via Jesi","civico":"48","cap":"60126","comune":"Ancona"}},{"type":"Feature","geometry":{"type":"LineString","coordinates":[[13.503369,43.601589],[13.503312,43.60155]]},"properties":{"tipo":"allaccio"}},{"type":"Feature","geometry":{"type":"Point","coordinates":[13.503369,43.601589]},"properties":{"tipo":"contatore","id":"C0013","via":"Via Jesi","civico":"48A","cap":"60126","comune":"Ancona"}},{"type":"Feature","geometry":{"type":"LineString","coordinates":[[13.504061,43.601844],[13.503997,43.601826]]},"properties":{"tipo":"allaccio"}},{"type":"Feature","geometry":{"type":"Point","coordinates":[13.504061,43.601844]},"properties":{"tipo":"contatore","id":"C0014","via":"Via Chiaravalle","civico":"16","cap":"60126","comune":"Ancona"}},{"type":"Feature","geometry":{"type":"LineString","coordinates":[[13.50416,43.60169],[13.504082,43.601668]]},"properties":{"tipo":"allaccio"}},{"type":"Feature","geometry":{"type":"Point","coordinates":[13.50416,43.60169]},"properties":{"tipo":"contatore","id":"C0015","via":"Via Chiaravalle","civico":"17","cap":"60126","comune":"Ancona"}},{"type":"Feature","geometry":{"type":"LineString","coordinates":[[13.504527,43.601877],[13.504479,43.601866]]},"properties":{"tipo":"allaccio"}},{"type":"Feature","geometry":{"type":"Point","coordinates":[13.504527,43.601877]},"properties":{"tipo":"contatore","id":"C0016","via":"Via Osimo","civico":"19","cap":"60126","comune":"Ancona"}},{"type":"Feature","geometry":{"type":"LineString","coordinates":[[13.504292,43.601547],[13.504273,43.601587]]},"properties":{"tipo":"allaccio"}},{"type":"Feature","geometry":{"type":"Point","coordinates":[13.504292,43.601547]},"properties":{"tipo":"contatore","id":"C0017","via":"Via Chiaravalle","civico":"8","cap":"60126","comune":"Ancona"}},{"type":"Feature","geometry":{"type":"LineString","coordinates":[[13.50432,43.601368],[13.504252,43.601349]]},"properties":{"tipo":"allaccio"}},{"type":"Feature","geometry":{"type":"Point","coordinates":[13.50432,43.601368]},"properties":{"tipo":"contatore","id":"C0018","via":"Via Chiaravalle","civico":"4","cap":"60126","comune":"Ancona"}},{"type":"Feature","geometry":{"type":"LineString","coordinates":[[13.504397,43.601234],[13.504324,43.601213]]},"properties":{"tipo":"allaccio"}},{"type":"Feature","geometry":{"type":"Point","coordinates":[13.504397,43.601234]},"properties":{"tipo":"contatore","id":"C0019","via":"Via Chiaravalle","civico":"2","cap":"60126","comune":"Ancona"}},{"type":"Feature","geometry":{"type":"LineString","coordinates":[[13.504039,43.601469],[13.504013,43.601518]]},"properties":{"tipo":"allaccio"}},{"type":"Feature","geometry":{"type":"Point","coordinates":[13.504039,43.601469]},"properties":{"tipo":"contatore","id":"C0020","via":"Via Chiaravalle","civico":"17","cap":"60126","comune":"Ancona"}},{"type":"Feature","geometry":{"type":"LineString","coordinates":[[13.504109,43.601293],[13.504259,43.601336]]},"properties":{"tipo":"allaccio"}},{"type":"Feature","geometry":{"type":"Point","coordinates":[13.504109,43.601293]},"properties":{"tipo":"contatore","id":"C0021","via":"Via Chiaravalle","civico":"11","cap":"60126","comune":"Ancona"}},{"type":"Feature","geometry":{"type":"LineString","coordinates":[[13.50423,43.601165],[13.504334,43.601194]]},"properties":{"tipo":"allaccio"}},{"type":"Feature","geometry":{"type":"Point","coordinates":[13.50423,43.601165]},"properties":{"tipo":"contatore","id":"C0022","via":"Via Chiaravalle","civico":"7","cap":"60126","comune":"Ancona"}},{"type":"Feature","geometry":{"type":"LineString","coordinates":[[13.503815,43.601404],[13.503788,43.601455]]},"properties":{"tipo":"allaccio"}},{"type":"Feature","geometry":{"type":"Point","coordinates":[13.503815,43.601404]},"properties":{"tipo":"contatore","id":"C0023","via":"Via Jesi","civico":"77","cap":"60126","comune":"Ancona"}},{"type":"Feature","geometry":{"type":"LineString","coordinates":[[13.503658,43.601112],[13.503605,43.601102]]},"properties":{"tipo":"allaccio"}},{"type":"Feature","geometry":{"type":"Point","coordinates":[13.503658,43.601112]},"properties":{"tipo":"contatore","id":"C0024","via":"Via Jesi","civico":"81","cap":"60126","comune":"Ancona"}},{"type":"Feature","geometry":{"type":"LineString","coordinates":[[13.504546,43.601039],[13.504434,43.601007]]},"properties":{"tipo":"allaccio"}},{"type":"Feature","geometry":{"type":"Point","coordinates":[13.504546,43.601039]},"properties":{"tipo":"contatore","id":"C0025","via":"Via Ascoli Piceno","civico":"10","cap":"60126","comune":"Ancona"}},{"type":"Feature","geometry":{"type":"LineString","coordinates":[[13.504655,43.60162],[13.504625,43.601677]]},"properties":{"tipo":"allaccio"}},{"type":"Feature","geometry":{"type":"Point","coordinates":[13.504655,43.60162]},"properties":{"tipo":"contatore","id":"C0026","via":"Via Jesi","civico":"71","cap":"60126","comune":"Ancona"}},{"type":"Feature","geometry":{"type":"LineString","coordinates":[[13.507452,43.601569],[13.507507,43.601642]]},"properties":{"tipo":"allaccio"}},{"type":"Feature","geometry":{"type":"Point","coordinates":[13.507452,43.601569]},"properties":{"tipo":"contatore","id":"C0027","via":"Piazza d'Armi","civico":"9A","cap":"60127","comune":"Ancona"}},{"type":"Feature","geometry":{"type":"LineString","coordinates":[[13.506873,43.601422],[13.506764,43.601278]]},"properties":{"tipo":"allaccio"}},{"type":"Feature","geometry":{"type":"Point","coordinates":[13.506873,43.601422]},"properties":{"tipo":"contatore","id":"C0028","via":"Piazza d'Armi","civico":"1","cap":"60127","comune":"Ancona"}},{"type":"Feature","geometry":{"type":"LineString","coordinates":[[13.50768,43.601949],[13.507709,43.601938]]},"properties":{"tipo":"allaccio"}},{"type":"Feature","geometry":{"type":"Point","coordinates":[13.50768,43.601949]},"properties":{"tipo":"contatore","id":"C0029","via":"Piazza d'Armi","civico":"6","cap":"60127","comune":"Ancona"}},{"type":"Feature","geometry":{"type":"LineString","coordinates":[[13.506795,43.601968],[13.506636,43.602031]]},"properties":{"tipo":"allaccio"}},{"type":"Feature","geometry":{"type":"Point","coordinates":[13.506795,43.601968]},"properties":{"tipo":"contatore","id":"C0030","via":"Viale Cristoforo Colombo","civico":"","cap":"60127","comune":"Ancona"}},{"type":"Feature","geometry":{"type":"LineString","coordinates":[[13.506302,43.602639],[13.506211,43.602636]]},"properties":{"tipo":"allaccio"}},{"type":"Feature","geometry":{"type":"Point","coordinates":[13.506302,43.602639]},"properties":{"tipo":"contatore","id":"C0031","via":"Via Loreto","civico":"15","cap":"60126","comune":"Ancona"}},{"type":"Feature","geometry":{"type":"LineString","coordinates":[[13.506174,43.602932],[13.506137,43.602927]]},"properties":{"tipo":"allaccio"}},{"type":"Feature","geometry":{"type":"Point","coordinates":[13.506174,43.602932]},"properties":{"tipo":"contatore","id":"C0032","via":"Via Loreto","civico":"13","cap":"60126","comune":"Ancona"}},{"type":"Feature","geometry":{"type":"LineString","coordinates":[[13.507811,43.602803],[13.50789,43.602803]]},"properties":{"tipo":"allaccio"}},{"type":"Feature","geometry":{"type":"Point","coordinates":[13.507811,43.602803]},"properties":{"tipo":"contatore","id":"C0033","via":"Via Mario Torresi","civico":"4","cap":"60128","comune":"Ancona"}},{"type":"Feature","geometry":{"type":"LineString","coordinates":[[13.503692,43.600193],[13.503547,43.600527]]},"properties":{"tipo":"allaccio"}},{"type":"Feature","geometry":{"type":"Point","coordinates":[13.503692,43.600193]},"properties":{"tipo":"contatore","id":"C0034","via":"Via Ascoli Piceno","civico":"27","cap":"60126","comune":"Ancona"}},{"type":"Feature","geometry":{"type":"LineString","coordinates":[[13.506565,43.601057],[13.506625,43.601142]]},"properties":{"tipo":"allaccio"}},{"type":"Feature","geometry":{"type":"Point","coordinates":[13.506565,43.601057]},"properties":{"tipo":"contatore","id":"C0035","via":"Piazza d'Armi","civico":"23A","cap":"60127","comune":"Ancona"}},{"type":"Feature","geometry":{"type":"LineString","coordinates":[[13.507094,43.600886],[13.507138,43.60095]]},"properties":{"tipo":"allaccio"}},{"type":"Feature","geometry":{"type":"Point","coordinates":[13.507094,43.600886]},"properties":{"tipo":"contatore","id":"C0036","via":"Piazza d'Armi","civico":"23","cap":"60127","comune":"Ancona"}},{"type":"Feature","geometry":{"type":"LineString","coordinates":[[13.505679,43.600866],[13.505747,43.600842]]},"properties":{"tipo":"allaccio"}},{"type":"Feature","geometry":{"type":"Point","coordinates":[13.505679,43.600866]},"properties":{"tipo":"contatore","id":"C0037","via":"Viale Cristoforo Colombo","civico":"84","cap":"60127","comune":"Ancona"}},{"type":"Feature","geometry":{"type":"LineString","coordinates":[[13.504902,43.600476],[13.504806,43.600416]]},"properties":{"tipo":"allaccio"}},{"type":"Feature","geometry":{"type":"Point","coordinates":[13.504902,43.600476]},"properties":{"tipo":"contatore","id":"C0038","via":"Viale Cristoforo Colombo","civico":"92","cap":"60127","comune":"Ancona"}},{"type":"Feature","geometry":{"type":"LineString","coordinates":[[13.508545,43.601795],[13.508502,43.601747]]},"properties":{"tipo":"allaccio"}},{"type":"Feature","geometry":{"type":"Point","coordinates":[13.508545,43.601795]},"properties":{"tipo":"contatore","id":"C0039","via":"Via Mario Torresi","civico":"31","cap":"60128","comune":"Ancona"}},{"type":"Feature","geometry":{"type":"LineString","coordinates":[[13.509135,43.602222],[13.509176,43.602254]]},"properties":{"tipo":"allaccio"}},{"type":"Feature","geometry":{"type":"Point","coordinates":[13.509135,43.602222]},"properties":{"tipo":"contatore","id":"C0040","via":"Via Maiolati","civico":"10","cap":"60128","comune":"Ancona"}},{"type":"Feature","geometry":{"type":"LineString","coordinates":[[13.508087,43.602317],[13.508033,43.602266]]},"properties":{"tipo":"allaccio"}},{"type":"Feature","geometry":{"type":"Point","coordinates":[13.508087,43.602317]},"properties":{"tipo":"contatore","id":"C0041","via":"Via Mario Torresi","civico":"10","cap":"60128","comune":"Ancona"}},{"type":"Feature","geometry":{"type":"LineString","coordinates":[[13.508457,43.602103],[13.508406,43.602054]]},"properties":{"tipo":"allaccio"}},{"type":"Feature","geometry":{"type":"Point","coordinates":[13.508457,43.602103]},"properties":{"tipo":"contatore","id":"C0042","via":"Via Mario Torresi","civico":"18","cap":"60128","comune":"Ancona"}},{"type":"Feature","geometry":{"type":"LineString","coordinates":[[13.508701,43.601955],[13.508657,43.601914]]},"properties":{"tipo":"allaccio"}},{"type":"Feature","geometry":{"type":"Point","coordinates":[13.508701,43.601955]},"properties":{"tipo":"contatore","id":"C0043","via":"Via Mario Torresi","civico":"22","cap":"60128","comune":"Ancona"}},{"type":"Feature","geometry":{"type":"LineString","coordinates":[[13.508895,43.602387],[13.508936,43.602419]]},"properties":{"tipo":"allaccio"}},{"type":"Feature","geometry":{"type":"Point","coordinates":[13.508895,43.602387]},"properties":{"tipo":"contatore","id":"C0044","via":"Via Maiolati","civico":"8","cap":"60128","comune":"Ancona"}},{"type":"Feature","geometry":{"type":"LineString","coordinates":[[13.508007,43.602816],[13.507889,43.602815]]},"properties":{"tipo":"allaccio"}},{"type":"Feature","geometry":{"type":"Point","coordinates":[13.508007,43.602816]},"properties":{"tipo":"contatore","id":"C0045","via":"Via Macerata","civico":"18","cap":"60128","comune":"Ancona"}},{"type":"Feature","geometry":{"type":"LineString","coordinates":[[13.507425,43.602164],[13.507479,43.602229]]},"properties":{"tipo":"allaccio"}},{"type":"Feature","geometry":{"type":"Point","coordinates":[13.507425,43.602164]},"properties":{"tipo":"contatore","id":"C0046","via":"Piazza d'Armi","civico":"4","cap":"60127","comune":"Ancona"}},{"type":"Feature","geometry":{"type":"LineString","coordinates":[[13.512636,43.59909],[13.512658,43.599169]]},"properties":{"tipo":"allaccio"}},{"type":"Feature","geometry":{"type":"Point","coordinates":[13.512636,43.59909]},"properties":{"tipo":"contatore","id":"C0047","via":"Via Beniamino Gigli","civico":"17","cap":"60128","comune":"Ancona"}},{"type":"Feature","geometry":{"type":"LineString","coordinates":[[13.512324,43.599154],[13.512347,43.599223]]},"properties":{"tipo":"allaccio"}},{"type":"Feature","geometry":{"type":"Point","coordinates":[13.512324,43.599154]},"properties":{"tipo":"contatore","id":"C0048","via":"Via Beniamino Gigli","civico":"15A","cap":"60128","comune":"Ancona"}},{"type":"Feature","geometry":{"type":"LineString","coordinates":[[13.512018,43.598968],[13.511878,43.599049]]},"properties":{"tipo":"allaccio"}},{"type":"Feature","geometry":{"type":"Point","coordinates":[13.512018,43.598968]},"properties":{"tipo":"contatore","id":"C0049","via":"Via Augusto Moroder","civico":"2","cap":"60128","comune":"Ancona"}},{"type":"Feature","geometry":{"type":"LineString","coordinates":[[13.515372,43.598845],[13.515383,43.598763]]},"properties":{"tipo":"allaccio"}},{"type":"Feature","geometry":{"type":"Point","coordinates":[13.515372,43.598845]},"properties":{"tipo":"contatore","id":"C0050","via":"Via Fermo","civico":"19","cap":"60128","comune":"Ancona"}},{"type":"Feature","geometry":{"type":"LineString","coordinates":[[13.515755,43.598696],[13.515759,43.598765]]},"properties":{"tipo":"allaccio"}},{"type":"Feature","geometry":{"type":"Point","coordinates":[13.515755,43.598696]},"properties":{"tipo":"contatore","id":"C0051","via":"Via Mario Torresi","civico":"106","cap":"60128","comune":"Ancona"}},{"type":"Feature","geometry":{"type":"LineString","coordinates":[[13.515531,43.598587],[13.515531,43.598531]]},"properties":{"tipo":"allaccio"}},{"type":"Feature","geometry":{"type":"Point","coordinates":[13.515531,43.598587]},"properties":{"tipo":"contatore","id":"C0052","via":"Via Mario Torresi","civico":"106","cap":"60128","comune":"Ancona"}},{"type":"Feature","geometry":{"type":"LineString","coordinates":[[13.515547,43.598696],[13.51555,43.598771]]},"properties":{"tipo":"allaccio"}},{"type":"Feature","geometry":{"type":"Point","coordinates":[13.515547,43.598696]},"properties":{"tipo":"contatore","id":"C0053","via":"Via Mario Torresi","civico":"106","cap":"60128","comune":"Ancona"}},{"type":"Feature","geometry":{"type":"LineString","coordinates":[[13.515306,43.598605],[13.515306,43.598532]]},"properties":{"tipo":"allaccio"}},{"type":"Feature","geometry":{"type":"Point","coordinates":[13.515306,43.598605]},"properties":{"tipo":"contatore","id":"C0054","via":"Via Mario Torresi","civico":"106","cap":"60128","comune":"Ancona"}},{"type":"Feature","geometry":{"type":"LineString","coordinates":[[13.515081,43.598591],[13.515081,43.598532]]},"properties":{"tipo":"allaccio"}},{"type":"Feature","geometry":{"type":"Point","coordinates":[13.515081,43.598591]},"properties":{"tipo":"contatore","id":"C0055","via":"Via Fermo","civico":"62A","cap":"60128","comune":"Ancona"}},{"type":"Feature","geometry":{"type":"LineString","coordinates":[[13.514838,43.598688],[13.514833,43.598726]]},"properties":{"tipo":"allaccio"}},{"type":"Feature","geometry":{"type":"Point","coordinates":[13.514838,43.598688]},"properties":{"tipo":"contatore","id":"C0056","via":"Via Mario Torresi","civico":"100","cap":"60128","comune":"Ancona"}},{"type":"Feature","geometry":{"type":"LineString","coordinates":[[13.514823,43.598303],[13.51476,43.598237]]},"properties":{"tipo":"allaccio"}},{"type":"Feature","geometry":{"type":"Point","coordinates":[13.514823,43.598303]},"properties":{"tipo":"contatore","id":"C0057","via":"Via Alessandro Manzoni","civico":"1","cap":"60128","comune":"Ancona"}},{"type":"Feature","geometry":{"type":"LineString","coordinates":[[13.514007,43.598571],[13.513998,43.598676]]},"properties":{"tipo":"allaccio"}},{"type":"Feature","geometry":{"type":"Point","coordinates":[13.514007,43.598571]},"properties":{"tipo":"contatore","id":"C0058","via":"Via Alessandro Manzoni","civico":"6","cap":"60128","comune":"Ancona"}},{"type":"Feature","geometry":{"type":"LineString","coordinates":[[13.513319,43.598706],[13.513323,43.598645]]},"properties":{"tipo":"allaccio"}},{"type":"Feature","geometry":{"type":"Point","coordinates":[13.513319,43.598706]},"properties":{"tipo":"contatore","id":"C0059","via":"Via Fermo","civico":"9","cap":"60128","comune":"Ancona"}},{"type":"Feature","geometry":{"type":"LineString","coordinates":[[13.512993,43.59869],[13.512997,43.598633]]},"properties":{"tipo":"allaccio"}},{"type":"Feature","geometry":{"type":"Point","coordinates":[13.512993,43.59869]},"properties":{"tipo":"contatore","id":"C0060","via":"Via Fermo","civico":"7","cap":"60128","comune":"Ancona"}},{"type":"Feature","geometry":{"type":"LineString","coordinates":[[13.514153,43.598729],[13.514157,43.598683]]},"properties":{"tipo":"allaccio"}},{"type":"Feature","geometry":{"type":"Point","coordinates":[13.514153,43.598729]},"properties":{"tipo":"contatore","id":"C0061","via":"Via Mario Torresi","civico":"163","cap":"60128","comune":"Ancona"}},{"type":"Feature","geometry":{"type":"LineString","coordinates":[[13.51431,43.599044],[13.514404,43.59902]]},"properties":{"tipo":"allaccio"}},{"type":"Feature","geometry":{"type":"Point","coordinates":[13.51431,43.599044]},"properties":{"tipo":"contatore","id":"C0062","via":"Via Beniamino Gigli","civico":"35","cap":"60128","comune":"Ancona"}},{"type":"Feature","geometry":{"type":"LineString","coordinates":[[13.513864,43.599126],[13.513843,43.599194]]},"properties":{"tipo":"allaccio"}},{"type":"Feature","geometry":{"type":"Point","coordinates":[13.513864,43.599126]},"properties":{"tipo":"contatore","id":"C0063","via":"Via Beniamino Gigli","civico":"29","cap":"60128","comune":"Ancona"}},{"type":"Feature","geometry":{"type":"LineString","coordinates":[[13.513478,43.599081],[13.513467,43.599144]]},"properties":{"tipo":"allaccio"}},{"type":"Feature","geometry":{"type":"Point","coordinates":[13.513478,43.599081]},"properties":{"tipo":"contatore","id":"C0064","via":"Via Beniamino Gigli","civico":"27","cap":"60128","comune":"Ancona"}},{"type":"Feature","geometry":{"type":"LineString","coordinates":[[13.513241,43.599073],[13.51324,43.599131]]},"properties":{"tipo":"allaccio"}},{"type":"Feature","geometry":{"type":"Point","coordinates":[13.513241,43.599073]},"properties":{"tipo":"contatore","id":"C0065","via":"Via Beniamino Gigli","civico":"23","cap":"60128","comune":"Ancona"}},{"type":"Feature","geometry":{"type":"LineString","coordinates":[[13.512969,43.599074],[13.512977,43.599136]]},"properties":{"tipo":"allaccio"}},{"type":"Feature","geometry":{"type":"Point","coordinates":[13.512969,43.599074]},"properties":{"tipo":"contatore","id":"C0066","via":"Via Beniamino Gigli","civico":"17A","cap":"60128","comune":"Ancona"}},{"type":"Feature","geometry":{"type":"LineString","coordinates":[[13.51308,43.599684],[13.513089,43.599763]]},"properties":{"tipo":"allaccio"}},{"type":"Feature","geometry":{"type":"Point","coordinates":[13.51308,43.599684]},"properties":{"tipo":"contatore","id":"C0067","via":"Via Andrea Costa","civico":"8","cap":"60128","comune":"Ancona"}},{"type":"Feature","geometry":{"type":"LineString","coordinates":[[13.512527,43.599722],[13.512536,43.599798]]},"properties":{"tipo":"allaccio"}},{"type":"Feature","geometry":{"type":"Point","coordinates":[13.512527,43.599722]},"properties":{"tipo":"contatore","id":"C0068","via":"Via Andrea Costa","civico":"4","cap":"60128","comune":"Ancona"}},{"type":"Feature","geometry":{"type":"LineString","coordinates":[[13.512287,43.599326],[13.512258,43.599239]]},"properties":{"tipo":"allaccio"}},{"type":"Feature","geometry":{"type":"Point","coordinates":[13.512287,43.599326]},"properties":{"tipo":"contatore","id":"C0069","via":"Via Beniamino Gigli","civico":"18","cap":"60128","comune":"Ancona"}},{"type":"Feature","geometry":{"type":"LineString","coordinates":[[13.512728,43.599255],[13.512703,43.599163]]},"properties":{"tipo":"allaccio"}},{"type":"Feature","geometry":{"type":"Point","coordinates":[13.512728,43.599255]},"properties":{"tipo":"contatore","id":"C0070","via":"Via Beniamino Gigli","civico":"22","cap":"60128","comune":"Ancona"}},{"type":"Feature","geometry":{"type":"LineString","coordinates":[[13.512501,43.599289],[13.512471,43.599201]]},"properties":{"tipo":"allaccio"}},{"type":"Feature","geometry":{"type":"Point","coordinates":[13.512501,43.599289]},"properties":{"tipo":"contatore","id":"C0071","via":"Via Beniamino Gigli","civico":"20","cap":"60128","comune":"Ancona"}},{"type":"Feature","geometry":{"type":"LineString","coordinates":[[13.513302,43.59923],[13.513304,43.599131]]},"properties":{"tipo":"allaccio"}},{"type":"Feature","geometry":{"type":"Point","coordinates":[13.513302,43.59923]},"properties":{"tipo":"contatore","id":"C0072","via":"Via Beniamino Gigli","civico":"26","cap":"60128","comune":"Ancona"}},{"type":"Feature","geometry":{"type":"LineString","coordinates":[[13.513847,43.599389],[13.513943,43.599397]]},"properties":{"tipo":"allaccio"}},{"type":"Feature","geometry":{"type":"Point","coordinates":[13.513847,43.599389]},"properties":{"tipo":"contatore","id":"C0073","via":"Via Alfredo Antinori","civico":"22","cap":"60128","comune":"Ancona"}},{"type":"Feature","geometry":{"type":"LineString","coordinates":[[13.513846,43.599633],[13.513904,43.599638]]},"properties":{"tipo":"allaccio"}},{"type":"Feature","geometry":{"type":"Point","coordinates":[13.513846,43.599633]},"properties":{"tipo":"contatore","id":"C0074","via":"Via Andrea Costa","civico":"11","cap":"60128","comune":"Ancona"}},{"type":"Feature","geometry":{"type":"LineString","coordinates":[[13.514126,43.599774],[13.514118,43.599817]]},"properties":{"tipo":"allaccio"}},{"type":"Feature","geometry":{"type":"Point","coordinates":[13.514126,43.599774]},"properties":{"tipo":"contatore","id":"C0075","via":"Via Alfredo Antinori","civico":"19","cap":"60128","comune":"Ancona"}},{"type":"Feature","geometry":{"type":"LineString","coordinates":[[13.514004,43.599441],[13.513937,43.599435]]},"properties":{"tipo":"allaccio"}},{"type":"Feature","geometry":{"type":"Point","coordinates":[13.514004,43.599441]},"properties":{"tipo":"contatore","id":"C0076","via":"Via Beniamino Gigli","civico":"28","cap":"60128","comune":"Ancona"}},{"type":"Feature","geometry":{"type":"LineString","coordinates":[[13.514247,43.599325],[13.514265,43.599254]]},"properties":{"tipo":"allaccio"}},{"type":"Feature","geometry":{"type":"Point","coordinates":[13.514247,43.599325]},"properties":{"tipo":"contatore","id":"C0077","via":"Via Beniamino Gigli","civico":"32","cap":"60128","comune":"Ancona"}},{"type":"Feature","geometry":{"type":"LineString","coordinates":[[13.514716,43.599539],[13.514787,43.599523]]},"properties":{"tipo":"allaccio"}},{"type":"Feature","geometry":{"type":"Point","coordinates":[13.514716,43.599539]},"properties":{"tipo":"contatore","id":"C0078","via":"Via Mario Torresi","civico":"151","cap":"60128","comune":"Ancona"}},{"type":"Feature","geometry":{"type":"LineString","coordinates":[[13.514725,43.599595],[13.514807,43.599582]]},"properties":{"tipo":"allaccio"}},{"type":"Feature","geometry":{"type":"Point","coordinates":[13.514725,43.599595]},"properties":{"tipo":"contatore","id":"C0079","via":"Via Mario Torresi","civico":"143","cap":"60128","comune":"Ancona"}},{"type":"Feature","geometry":{"type":"LineString","coordinates":[[13.514712,43.599894],[13.514804,43.599905]]},"properties":{"tipo":"allaccio"}},{"type":"Feature","geometry":{"type":"Point","coordinates":[13.514712,43.599894]},"properties":{"tipo":"contatore","id":"C0080","via":"Via Mario Torresi","civico":"137","cap":"60128","comune":"Ancona"}},{"type":"Feature","geometry":{"type":"LineString","coordinates":[[13.515548,43.599181],[13.515526,43.599235]]},"properties":{"tipo":"allaccio"}},{"type":"Feature","geometry":{"type":"Point","coordinates":[13.515548,43.599181]},"properties":{"tipo":"contatore","id":"C0081","via":"Via Antonio Leoni","civico":"10","cap":"60128","comune":"Ancona"}},{"type":"Feature","geometry":{"type":"LineString","coordinates":[[13.515326,43.599145],[13.515314,43.599198]]},"properties":{"tipo":"allaccio"}},{"type":"Feature","geometry":{"type":"Point","coordinates":[13.515326,43.599145]},"properties":{"tipo":"contatore","id":"C0082","via":"Via Antonio Leoni","civico":"4","cap":"60128","comune":"Ancona"}},{"type":"Feature","geometry":{"type":"LineString","coordinates":[[13.515056,43.599121],[13.515048,43.599178]]},"properties":{"tipo":"allaccio"}},{"type":"Feature","geometry":{"type":"Point","coordinates":[13.515056,43.599121]},"properties":{"tipo":"contatore","id":"C0083","via":"Via Antonio Leoni","civico":"4","cap":"60128","comune":"Ancona"}},{"type":"Feature","geometry":{"type":"LineString","coordinates":[[13.515122,43.598775],[13.515126,43.598746]]},"properties":{"tipo":"allaccio"}},{"type":"Feature","geometry":{"type":"Point","coordinates":[13.515122,43.598775]},"properties":{"tipo":"contatore","id":"C0084","via":"Via Antonio Leoni","civico":"4","cap":"60128","comune":"Ancona"}},{"type":"Feature","geometry":{"type":"LineString","coordinates":[[13.514847,43.598784],[13.514854,43.598728]]},"properties":{"tipo":"allaccio"}},{"type":"Feature","geometry":{"type":"Point","coordinates":[13.514847,43.598784]},"properties":{"tipo":"contatore","id":"C0085","via":"Via Fermo","civico":"15A","cap":"60128","comune":"Ancona"}},{"type":"Feature","geometry":{"type":"LineString","coordinates":[[13.514471,43.598827],[13.514382,43.598819]]},"properties":{"tipo":"allaccio"}},{"type":"Feature","geometry":{"type":"Point","coordinates":[13.514471,43.598827]},"properties":{"tipo":"contatore","id":"C0086","via":"Via Mario Torresi","civico":"98","cap":"60128","comune":"Ancona"}},{"type":"Feature","geometry":{"type":"LineString","coordinates":[[13.514498,43.598972],[13.514393,43.598996]]},"properties":{"tipo":"allaccio"}},{"type":"Feature","geometry":{"type":"Point","coordinates":[13.514498,43.598972]},"properties":{"tipo":"contatore","id":"C0087","via":"Via Mario Torresi","civico":"96","cap":"60128","comune":"Ancona"}},{"type":"Feature","geometry":{"type":"LineString","coordinates":[[13.514752,43.599174],[13.514772,43.599224]]},"properties":{"tipo":"allaccio"}},{"type":"Feature","geometry":{"type":"Point","coordinates":[13.514752,43.599174]},"properties":{"tipo":"contatore","id":"C0088","via":"Via Antonio Leoni","civico":"2","cap":"60128","comune":"Ancona"}},{"type":"Feature","geometry":{"type":"LineString","coordinates":[[13.515265,43.599275],[13.515276,43.599195]]},"properties":{"tipo":"allaccio"}},{"type":"Feature","geometry":{"type":"Point","coordinates":[13.515265,43.599275]},"properties":{"tipo":"contatore","id":"C0089","via":"Via Mario Torresi","civico":"88","cap":"60128","comune":"Ancona"}},{"type":"Feature","geometry":{"type":"LineString","coordinates":[[13.514867,43.599432],[13.514764,43.599475]]},"properties":{"tipo":"allaccio"}},{"type":"Feature","geometry":{"type":"Point","coordinates":[13.514867,43.599432]},"properties":{"tipo":"contatore","id":"C0090","via":"Via Mario Torresi","civico":"94","cap":"60128","comune":"Ancona"}},{"type":"Feature","geometry":{"type":"LineString","coordinates":[[13.514574,43.600441],[13.514662,43.600454]]},"properties":{"tipo":"allaccio"}},{"type":"Feature","geometry":{"type":"Point","coordinates":[13.514574,43.600441]},"properties":{"tipo":"contatore","id":"C0091","via":"Via Mario Torresi","civico":"119","cap":"60128","comune":"Ancona"}},{"type":"Feature","geometry":{"type":"LineString","coordinates":[[13.514748,43.600736],[13.514728,43.600772]]},"properties":{"tipo":"allaccio"}},{"type":"Feature","geometry":{"type":"Point","coordinates":[13.514748,43.600736]},"properties":{"tipo":"contatore","id":"C0092","via":"Via Mario Torresi","civico":"66","cap":"60128","comune":"Ancona"}},{"type":"Feature","geometry":{"type":"LineString","coordinates":[[13.51482,43.600444],[13.51467,43.600423]]},"properties":{"tipo":"allaccio"}},{"type":"Feature","geometry":{"type":"Point","coordinates":[13.51482,43.600444]},"properties":{"tipo":"contatore","id":"C0093","via":"Via Mario Torresi","civico":"66","cap":"60128","comune":"Ancona"}},{"type":"Feature","geometry":{"type":"LineString","coordinates":[[13.515079,43.600448],[13.514678,43.600392]]},"properties":{"tipo":"allaccio"}},{"type":"Feature","geometry":{"type":"Point","coordinates":[13.515079,43.600448]},"properties":{"tipo":"contatore","id":"C0094","via":"Via Mario Torresi","civico":"70","cap":"60128","comune":"Ancona"}},{"type":"Feature","geometry":{"type":"LineString","coordinates":[[13.515441,43.600509],[13.515841,43.600557]]},"properties":{"tipo":"allaccio"}},{"type":"Feature","geometry":{"type":"Point","coordinates":[13.515441,43.600509]},"properties":{"tipo":"contatore","id":"C0095","via":"Via Mario Torresi","civico":"72","cap":"60128","comune":"Ancona"}},{"type":"Feature","geometry":{"type":"LineString","coordinates":[[13.515511,43.600158],[13.515909,43.60018]]},"properties":{"tipo":"allaccio"}},{"type":"Feature","geometry":{"type":"Point","coordinates":[13.515511,43.600158]},"properties":{"tipo":"contatore","id":"C0096","via":"Via Mario Torresi","civico":"74","cap":"60128","comune":"Ancona"}},{"type":"Feature","geometry":{"type":"LineString","coordinates":[[13.515237,43.599805],[13.514835,43.599762]]},"properties":{"tipo":"allaccio"}},{"type":"Feature","geometry":{"type":"Point","coordinates":[13.515237,43.599805]},"properties":{"tipo":"contatore","id":"C0097","via":"Via Mario Torresi","civico":"86","cap":"60128","comune":"Ancona"}},{"type":"Feature","geometry":{"type":"LineString","coordinates":[[13.514947,43.599774],[13.514835,43.599762]]},"properties":{"tipo":"allaccio"}},{"type":"Feature","geometry":{"type":"Point","coordinates":[13.514947,43.599774]},"properties":{"tipo":"contatore","id":"C0098","via":"Via Mario Torresi","civico":"80","cap":"60128","comune":"Ancona"}},{"type":"Feature","geometry":{"type":"LineString","coordinates":[[13.515138,43.600126],[13.514764,43.600069]]},"properties":{"tipo":"allaccio"}},{"type":"Feature","geometry":{"type":"Point","coordinates":[13.515138,43.600126]},"properties":{"tipo":"contatore","id":"C0099","via":"Via Mario Torresi","civico":"76","cap":"60128","comune":"Ancona"}},{"type":"Feature","geometry":{"type":"LineString","coordinates":[[13.514903,43.600076],[13.514768,43.600055]]},"properties":{"tipo":"allaccio"}},{"type":"Feature","geometry":{"type":"Point","coordinates":[13.514903,43.600076]},"properties":{"tipo":"contatore","id":"C0100","via":"Via Mario Torresi","civico":"131","cap":"60128","comune":"Ancona"}},{"type":"Feature","geometry":{"type":"LineString","coordinates":[[13.514652,43.600156],[13.514737,43.600169]]},"properties":{"tipo":"allaccio"}},{"type":"Feature","geometry":{"type":"Point","coordinates":[13.514652,43.600156]},"properties":{"tipo":"contatore","id":"C0101","via":"Via Mario Torresi","civico":"129","cap":"60128","comune":"Ancona"}},{"type":"Feature","geometry":{"type":"LineString","coordinates":[[13.513976,43.600007],[13.513845,43.599979]]},"properties":{"tipo":"allaccio"}},{"type":"Feature","geometry":{"type":"Point","coordinates":[13.513976,43.600007]},"properties":{"tipo":"contatore","id":"C0102","via":"Via Alfredo Antinori","civico":"13","cap":"60128","comune":"Ancona"}},{"type":"Feature","geometry":{"type":"LineString","coordinates":[[13.513629,43.599845],[13.513644,43.599769]]},"properties":{"tipo":"allaccio"}},{"type":"Feature","geometry":{"type":"Point","coordinates":[13.513629,43.599845]},"properties":{"tipo":"contatore","id":"C0103","via":"Via Andrea Costa","civico":"11","cap":"60128","comune":"Ancona"}},{"type":"Feature","geometry":{"type":"LineString","coordinates":[[13.513465,43.600157],[13.513528,43.600274]]},"properties":{"tipo":"allaccio"}},{"type":"Feature","geometry":{"type":"Point","coordinates":[13.513465,43.600157]},"properties":{"tipo":"contatore","id":"C0104","via":"Via Alfredo Antinori","civico":"12","cap":"60128","comune":"Ancona"}},{"type":"Feature","geometry":{"type":"LineString","coordinates":[[13.513625,43.600189],[13.513665,43.600216]]},"properties":{"tipo":"allaccio"}},{"type":"Feature","geometry":{"type":"Point","coordinates":[13.513625,43.600189]},"properties":{"tipo":"contatore","id":"C0105","via":"Via Alfredo Antinori","civico":"12","cap":"60128","comune":"Ancona"}},{"type":"Feature","geometry":{"type":"LineString","coordinates":[[13.513109,43.600194],[13.513201,43.600367]]},"properties":{"tipo":"allaccio"}},{"type":"Feature","geometry":{"type":"Point","coordinates":[13.513109,43.600194]},"properties":{"tipo":"contatore","id":"C0106","via":"Via Alfredo Antinori","civico":"8","cap":"60128","comune":"Ancona"}},{"type":"Feature","geometry":{"type":"LineString","coordinates":[[13.513163,43.600311],[13.513194,43.600369]]},"properties":{"tipo":"allaccio"}},{"type":"Feature","geometry":{"type":"Point","coordinates":[13.513163,43.600311]},"properties":{"tipo":"contatore","id":"C0107","via":"Via Alfredo Antinori","civico":"8","cap":"60128","comune":"Ancona"}},{"type":"Feature","geometry":{"type":"LineString","coordinates":[[13.513039,43.599838],[13.51303,43.599767]]},"properties":{"tipo":"allaccio"}},{"type":"Feature","geometry":{"type":"Point","coordinates":[13.513039,43.599838]},"properties":{"tipo":"contatore","id":"C0108","via":"Via Andrea Costa","civico":"5","cap":"60128","comune":"Ancona"}},{"type":"Feature","geometry":{"type":"LineString","coordinates":[[13.512487,43.599873],[13.512478,43.599802]]},"properties":{"tipo":"allaccio"}},{"type":"Feature","geometry":{"type":"Point","coordinates":[13.512487,43.599873]},"properties":{"tipo":"contatore","id":"C0109","via":"Via Andrea Costa","civico":"3","cap":"60128","comune":"Ancona"}},{"type":"Feature","geometry":{"type":"LineString","coordinates":[[13.51259,43.600432],[13.512575,43.600492]]},"properties":{"tipo":"allaccio"}},{"type":"Feature","geometry":{"type":"Point","coordinates":[13.51259,43.600432]},"properties":{"tipo":"contatore","id":"C0110","via":"Via Augusto Moroder","civico":"14","cap":"60128","comune":"Ancona"}},{"type":"Feature","geometry":{"type":"LineString","coordinates":[[13.513944,43.600251],[13.51399,43.600183]]},"properties":{"tipo":"allaccio"}},{"type":"Feature","geometry":{"type":"Point","coordinates":[13.513944,43.600251]},"properties":{"tipo":"contatore","id":"C0111","via":"Via Alfredo Antinori","civico":"11","cap":"60128","comune":"Ancona"}},{"type":"Feature","geometry":{"type":"LineString","coordinates":[[13.51356,43.600338],[13.513526,43.600275]]},"properties":{"tipo":"allaccio"}},{"type":"Feature","geometry":{"type":"Point","coordinates":[13.51356,43.600338]},"properties":{"tipo":"contatore","id":"C0112","via":"Via Alfredo Antinori","civico":"9a","cap":"60128","comune":"Ancona"}},{"type":"Feature","geometry":{"type":"LineString","coordinates":[[13.510882,43.60108],[13.511248,43.60102]]},"properties":{"tipo":"allaccio"}},{"type":"Feature","geometry":{"type":"Point","coordinates":[13.510882,43.60108]},"properties":{"tipo":"contatore","id":"C0113","via":"Via Carisio Ciavarini","civico":"6","cap":"60128","comune":"Ancona"}},{"type":"Feature","geometry":{"type":"LineString","coordinates":[[13.511196,43.601169],[13.511289,43.601153]]},"properties":{"tipo":"allaccio"}},{"type":"Feature","geometry":{"type":"Point","coordinates":[13.511196,43.601169]},"properties":{"tipo":"contatore","id":"C0114","via":"Via Mario Torresi","civico":"59","cap":"60128","comune":"Ancona"}},{"type":"Feature","geometry":{"type":"LineString","coordinates":[[13.511159,43.601407],[13.511171,43.60147]]},"properties":{"tipo":"allaccio"}},{"type":"Feature","geometry":{"type":"Point","coordinates":[13.511159,43.601407]},"properties":{"tipo":"contatore","id":"C0115","via":"Via Mario Torresi","civico":"59","cap":"60128","comune":"Ancona"}},{"type":"Feature","geometry":{"type":"LineString","coordinates":[[13.510949,43.601426],[13.510961,43.60149]]},"properties":{"tipo":"allaccio"}},{"type":"Feature","geometry":{"type":"Point","coordinates":[13.510949,43.601426]},"properties":{"tipo":"contatore","id":"C0116","via":"Via Mario Torresi","civico":"51a","cap":"60128","comune":"Ancona"}},{"type":"Feature","geometry":{"type":"LineString","coordinates":[[13.510606,43.601432],[13.510617,43.601519]]},"properties":{"tipo":"allaccio"}},{"type":"Feature","geometry":{"type":"Point","coordinates":[13.510606,43.601432]},"properties":{"tipo":"contatore","id":"C0117","via":"Via Mario Torresi","civico":"47a","cap":"60128","comune":"Ancona"}},{"type":"Feature","geometry":{"type":"LineString","coordinates":[[13.510391,43.60147],[13.510398,43.601534]]},"properties":{"tipo":"allaccio"}},{"type":"Feature","geometry":{"type":"Point","coordinates":[13.510391,43.60147]},"properties":{"tipo":"contatore","id":"C0118","via":"Via Mario Torresi","civico":"45","cap":"60128","comune":"Ancona"}},{"type":"Feature","geometry":{"type":"LineString","coordinates":[[13.511366,43.601134],[13.511287,43.601147]]},"properties":{"tipo":"allaccio"}},{"type":"Feature","geometry":{"type":"Point","coordinates":[13.511366,43.601134]},"properties":{"tipo":"contatore","id":"C0119","via":"Via Mario Torresi","civico":"75b","cap":"60128","comune":"Ancona"}},{"type":"Feature","geometry":{"type":"LineString","coordinates":[[13.511539,43.601353],[13.511561,43.601421]]},"properties":{"tipo":"allaccio"}},{"type":"Feature","geometry":{"type":"Point","coordinates":[13.511539,43.601353]},"properties":{"tipo":"contatore","id":"C0120","via":"Via Mario Torresi","civico":"75","cap":"60128","comune":"Ancona"}},{"type":"Feature","geometry":{"type":"LineString","coordinates":[[13.510852,43.596443],[13.510884,43.59616]]},"properties":{"tipo":"allaccio"}},{"type":"Feature","geometry":{"type":"Point","coordinates":[13.510852,43.596443]},"properties":{"tipo":"contatore","id":"C0121","via":"Via Montagnola","civico":"66c","cap":"60127","comune":"Ancona"}},{"type":"Feature","geometry":{"type":"LineString","coordinates":[[13.511344,43.596067],[13.51133,43.596186]]},"properties":{"tipo":"allaccio"}},{"type":"Feature","geometry":{"type":"Point","coordinates":[13.511344,43.596067]},"properties":{"tipo":"contatore","id":"C0122","via":"Via della Montagnola","civico":"","cap":"60127","comune":"Ancona"}},{"type":"Feature","geometry":{"type":"LineString","coordinates":[[13.510937,43.595808],[13.510898,43.596161]]},"properties":{"tipo":"allaccio"}},{"type":"Feature","geometry":{"type":"Point","coordinates":[13.510937,43.595808]},"properties":{"tipo":"contatore","id":"C0123","via":"Via della Montagnola","civico":"","cap":"60127","comune":"Ancona"}},{"type":"Feature","geometry":{"type":"LineString","coordinates":[[13.515862,43.601181],[13.515803,43.601172]]},"properties":{"tipo":"allaccio"}},{"type":"Feature","geometry":{"type":"Point","coordinates":[13.515862,43.601181]},"properties":{"tipo":"contatore","id":"C0124","via":"Via Ostra","civico":"3","cap":"60128","comune":"Ancona"}},{"type":"Feature","geometry":{"type":"LineString","coordinates":[[13.505591,43.597037],[13.505511,43.59704]]},"properties":{"tipo":"allaccio"}},{"type":"Feature","geometry":{"type":"Point","coordinates":[13.505591,43.597037]},"properties":{"tipo":"contatore","id":"C0125","via":"Via dell'Artigianato","civico":"26","cap":"60127","comune":"Ancona"}},{"type":"Feature","geometry":{"type":"LineString","coordinates":[[13.511679,43.602932],[13.511701,43.603015]]},"properties":{"tipo":"allaccio"}},{"type":"Feature","geometry":{"type":"Point","coordinates":[13.511679,43.602932]},"properties":{"tipo":"contatore","id":"C0126","via":"Via delle Grazie","civico":"38","cap":"60128","comune":"Ancona"}},{"type":"Feature","geometry":{"type":"LineString","coordinates":[[13.509403,43.601791],[13.509351,43.60164]]},"properties":{"tipo":"allaccio"}},{"type":"Feature","geometry":{"type":"Point","coordinates":[13.509403,43.601791]},"properties":{"tipo":"contatore","id":"C0127","via":"Via Mario Torresi","civico":"32","cap":"60128","comune":"Ancona"}},{"type":"Feature","geometry":{"type":"LineString","coordinates":[[13.509134,43.601926],[13.509057,43.601984]]},"properties":{"tipo":"allaccio"}},{"type":"Feature","geometry":{"type":"Point","coordinates":[13.509134,43.601926]},"properties":{"tipo":"contatore","id":"C0128","via":"Via Mario Torresi","civico":"32","cap":"60128","comune":"Ancona"}},{"type":"Feature","geometry":{"type":"LineString","coordinates":[[13.509284,43.602042],[13.509205,43.602091]]},"properties":{"tipo":"allaccio"}},{"type":"Feature","geometry":{"type":"Point","coordinates":[13.509284,43.602042]},"properties":{"tipo":"contatore","id":"C0129","via":"Via Mario Torresi","civico":"32","cap":"60128","comune":"Ancona"}},{"type":"Feature","geometry":{"type":"LineString","coordinates":[[13.509213,43.602328],[13.509145,43.602275]]},"properties":{"tipo":"allaccio"}},{"type":"Feature","geometry":{"type":"Point","coordinates":[13.509213,43.602328]},"properties":{"tipo":"contatore","id":"C0130","via":"Via Maiolati","civico":"9","cap":"60128","comune":"Ancona"}},{"type":"Feature","geometry":{"type":"LineString","coordinates":[[13.509033,43.602568],[13.509091,43.602612]]},"properties":{"tipo":"allaccio"}},{"type":"Feature","geometry":{"type":"Point","coordinates":[13.509033,43.602568]},"properties":{"tipo":"contatore","id":"C0131","via":"Via Maiolati","civico":"7","cap":"60128","comune":"Ancona"}},{"type":"Feature","geometry":{"type":"LineString","coordinates":[[13.508787,43.602832],[13.508812,43.602837]]},"properties":{"tipo":"allaccio"}},{"type":"Feature","geometry":{"type":"Point","coordinates":[13.508787,43.602832]},"properties":{"tipo":"contatore","id":"C0132","via":"Via Maiolati","civico":"3","cap":"60128","comune":"Ancona"}},{"type":"Feature","geometry":{"type":"LineString","coordinates":[[13.509146,43.602653],[13.509092,43.602612]]},"properties":{"tipo":"allaccio"}},{"type":"Feature","geometry":{"type":"Point","coordinates":[13.509146,43.602653]},"properties":{"tipo":"contatore","id":"C0133","via":"Via delle Grazie","civico":"26B","cap":"60128","comune":"Ancona"}},{"type":"Feature","geometry":{"type":"LineString","coordinates":[[13.508972,43.603053],[13.508943,43.603094]]},"properties":{"tipo":"allaccio"}},{"type":"Feature","geometry":{"type":"Point","coordinates":[13.508972,43.603053]},"properties":{"tipo":"contatore","id":"C0134","via":"Via delle Grazie","civico":"26A","cap":"60128","comune":"Ancona"}},{"type":"Feature","geometry":{"type":"LineString","coordinates":[[13.50937,43.602966],[13.509293,43.602914]]},"properties":{"tipo":"allaccio"}},{"type":"Feature","geometry":{"type":"Point","coordinates":[13.50937,43.602966]},"properties":{"tipo":"contatore","id":"C0135","via":"Via delle Grazie","civico":"30A","cap":"60128","comune":"Ancona"}},{"type":"Feature","geometry":{"type":"LineString","coordinates":[[13.509771,43.602672],[13.509494,43.602774]]},"properties":{"tipo":"allaccio"}},{"type":"Feature","geometry":{"type":"Point","coordinates":[13.509771,43.602672]},"properties":{"tipo":"contatore","id":"C0136","via":"Via delle Grazie","civico":"28","cap":"60128","comune":"Ancona"}},{"type":"Feature","geometry":{"type":"LineString","coordinates":[[13.511107,43.602464],[13.511411,43.602357]]},"properties":{"tipo":"allaccio"}},{"type":"Feature","geometry":{"type":"Point","coordinates":[13.511107,43.602464]},"properties":{"tipo":"contatore","id":"C0137","via":"Via Camerano","civico":"22","cap":"60128","comune":"Ancona"}},{"type":"Feature","geometry":{"type":"LineString","coordinates":[[13.511158,43.602174],[13.511411,43.602357]]},"properties":{"tipo":"allaccio"}},{"type":"Feature","geometry":{"type":"Point","coordinates":[13.511158,43.602174]},"properties":{"tipo":"contatore","id":"C0138","via":"Via Camerano","civico":"24","cap":"60128","comune":"Ancona"}},{"type":"Feature","geometry":{"type":"LineString","coordinates":[[13.511565,43.601806],[13.511637,43.601784]]},"properties":{"tipo":"allaccio"}},{"type":"Feature","geometry":{"type":"Point","coordinates":[13.511565,43.601806]},"properties":{"tipo":"contatore","id":"C0139","via":"Via Camerano","civico":"28","cap":"60128","comune":"Ancona"}},{"type":"Feature","geometry":{"type":"LineString","coordinates":[[13.512211,43.601773],[13.512162,43.601708]]},"properties":{"tipo":"allaccio"}},{"type":"Feature","geometry":{"type":"Point","coordinates":[13.512211,43.601773]},"properties":{"tipo":"contatore","id":"C0140","via":"Via Camerano","civico":"25","cap":"60128","comune":"Ancona"}},{"type":"Feature","geometry":{"type":"LineString","coordinates":[[13.512947,43.601761],[13.512939,43.601654]]},"properties":{"tipo":"allaccio"}},{"type":"Feature","geometry":{"type":"Point","coordinates":[13.512947,43.601761]},"properties":{"tipo":"contatore","id":"C0141","via":"Via Camerano","civico":"29","cap":"60128","comune":"Ancona"}},{"type":"Feature","geometry":{"type":"LineString","coordinates":[[13.512439,43.602131],[13.512464,43.602191]]},"properties":{"tipo":"allaccio"}},{"type":"Feature","geometry":{"type":"Point","coordinates":[13.512439,43.602131]},"properties":{"tipo":"contatore","id":"C0142","via":"Via Camerano","civico":"15","cap":"60128","comune":"Ancona"}},{"type":"Feature","geometry":{"type":"LineString","coordinates":[[13.51345,43.601818],[13.513386,43.601769]]},"properties":{"tipo":"allaccio"}},{"type":"Feature","geometry":{"type":"Point","coordinates":[13.51345,43.601818]},"properties":{"tipo":"contatore","id":"C0143","via":"Via Camerano","civico":"10","cap":"60128","comune":"Ancona"}},{"type":"Feature","geometry":{"type":"LineString","coordinates":[[13.512484,43.602319],[13.512433,43.602198]]},"properties":{"tipo":"allaccio"}},{"type":"Feature","geometry":{"type":"Point","coordinates":[13.512484,43.602319]},"properties":{"tipo":"contatore","id":"C0144","via":"Via Camerano","civico":"18","cap":"60128","comune":"Ancona"}},{"type":"Feature","geometry":{"type":"LineString","coordinates":[[13.512924,43.602122],[13.512871,43.602051]]},"properties":{"tipo":"allaccio"}},{"type":"Feature","geometry":{"type":"Point","coordinates":[13.512924,43.602122]},"properties":{"tipo":"contatore","id":"C0145","via":"Via Camerano","civico":"14","cap":"60128","comune":"Ancona"}},{"type":"Feature","geometry":{"type":"LineString","coordinates":[[13.512021,43.602287],[13.512045,43.602196]]},"properties":{"tipo":"allaccio"}},{"type":"Feature","geometry":{"type":"Point","coordinates":[13.512021,43.602287]},"properties":{"tipo":"contatore","id":"C0146","via":"Via Camerano","civico":"20","cap":"60128","comune":"Ancona"}},{"type":"Feature","geometry":{"type":"LineString","coordinates":[[13.514312,43.602446],[13.514034,43.602564]]},"properties":{"tipo":"allaccio"}},{"type":"Feature","geometry":{"type":"Point","coordinates":[13.514312,43.602446]},"properties":{"tipo":"contatore","id":"C0147","via":"Via delle Grazie","civico":"39","cap":"60128","comune":"Ancona"}},{"type":"Feature","geometry":{"type":"LineString","coordinates":[[13.514766,43.602549],[13.515056,43.602699]]},"properties":{"tipo":"allaccio"}},{"type":"Feature","geometry":{"type":"Point","coordinates":[13.514766,43.602549]},"properties":{"tipo":"contatore","id":"C0148","via":"Via Luigi Paolucci","civico":"24","cap":"60128","comune":"Ancona"}},{"type":"Feature","geometry":{"type":"LineString","coordinates":[[13.515041,43.60245],[13.51517,43.602458]]},"properties":{"tipo":"allaccio"}},{"type":"Feature","geometry":{"type":"Point","coordinates":[13.515041,43.60245]},"properties":{"tipo":"contatore","id":"C0149","via":"Via Luigi Paolucci","civico":"32","cap":"60128","comune":"Ancona"}},{"type":"Feature","geometry":{"type":"LineString","coordinates":[[13.515019,43.60191],[13.515124,43.601903]]},"properties":{"tipo":"allaccio"}},{"type":"Feature","geometry":{"type":"Point","coordinates":[13.515019,43.60191]},"properties":{"tipo":"contatore","id":"C0150","via":"Via delle Grazie","civico":"59","cap":"60128","comune":"Ancona"}},{"type":"Feature","geometry":{"type":"LineString","coordinates":[[13.514858,43.602066],[13.51514,43.602049]]},"properties":{"tipo":"allaccio"}},{"type":"Feature","geometry":{"type":"Point","coordinates":[13.514858,43.602066]},"properties":{"tipo":"contatore","id":"C0151","via":"Via delle Grazie","civico":"47","cap":"60128","comune":"Ancona"}},{"type":"Feature","geometry":{"type":"LineString","coordinates":[[13.514818,43.602241],[13.51516,43.602221]]},"properties":{"tipo":"allaccio"}},{"type":"Feature","geometry":{"type":"Point","coordinates":[13.514818,43.602241]},"properties":{"tipo":"contatore","id":"C0152","via":"Via delle Grazie","civico":"43","cap":"60128","comune":"Ancona"}},{"type":"Feature","geometry":{"type":"LineString","coordinates":[[13.514375,43.602048],[13.514313,43.601985]]},"properties":{"tipo":"allaccio"}},{"type":"Feature","geometry":{"type":"Point","coordinates":[13.514375,43.602048]},"properties":{"tipo":"contatore","id":"C0153","via":"Via delle Grazie","civico":"43","cap":"60128","comune":"Ancona"}},{"type":"Feature","geometry":{"type":"LineString","coordinates":[[13.51424,43.601946],[13.514291,43.601997]]},"properties":{"tipo":"allaccio"}},{"type":"Feature","geometry":{"type":"Point","coordinates":[13.51424,43.601946]},"properties":{"tipo":"contatore","id":"C0154","via":"Via delle Grazie","civico":"60","cap":"60128","comune":"Ancona"}},{"type":"Feature","geometry":{"type":"LineString","coordinates":[[13.513852,43.602133],[13.513915,43.602196]]},"properties":{"tipo":"allaccio"}},{"type":"Feature","geometry":{"type":"Point","coordinates":[13.513852,43.602133]},"properties":{"tipo":"contatore","id":"C0155","via":"Via delle Grazie","civico":"50a","cap":"60128","comune":"Ancona"}},{"type":"Feature","geometry":{"type":"LineString","coordinates":[[13.513407,43.602334],[13.513488,43.602419]]},"properties":{"tipo":"allaccio"}},{"type":"Feature","geometry":{"type":"Point","coordinates":[13.513407,43.602334]},"properties":{"tipo":"contatore","id":"C0156","via":"Via delle Grazie","civico":"48","cap":"60128","comune":"Ancona"}},{"type":"Feature","geometry":{"type":"LineString","coordinates":[[13.513018,43.602518],[13.513115,43.602614]]},"properties":{"tipo":"allaccio"}},{"type":"Feature","geometry":{"type":"Point","coordinates":[13.513018,43.602518]},"properties":{"tipo":"contatore","id":"C0157","via":"Via delle Grazie","civico":"44","cap":"60128","comune":"Ancona"}},{"type":"Feature","geometry":{"type":"LineString","coordinates":[[13.512764,43.602702],[13.512828,43.602766]]},"properties":{"tipo":"allaccio"}},{"type":"Feature","geometry":{"type":"Point","coordinates":[13.512764,43.602702]},"properties":{"tipo":"contatore","id":"C0158","via":"Via delle Grazie","civico":"42","cap":"60128","comune":"Ancona"}},{"type":"Feature","geometry":{"type":"LineString","coordinates":[[13.512191,43.602499],[13.512187,43.602215]]},"properties":{"tipo":"allaccio"}},{"type":"Feature","geometry":{"type":"Point","coordinates":[13.512191,43.602499]},"properties":{"tipo":"contatore","id":"C0159","via":"Via delle Grazie","civico":"40A","cap":"60128","comune":"Ancona"}},{"type":"Feature","geometry":{"type":"LineString","coordinates":[[13.511682,43.602519],[13.511464,43.602326]]},"properties":{"tipo":"allaccio"}},{"type":"Feature","geometry":{"type":"Point","coordinates":[13.511682,43.602519]},"properties":{"tipo":"contatore","id":"C0160","via":"Via Camerano","civico":"","cap":"60128","comune":"Ancona"}},{"type":"Feature","geometry":{"type":"LineString","coordinates":[[13.512058,43.602896],[13.512079,43.602958]]},"properties":{"tipo":"allaccio"}},{"type":"Feature","geometry":{"type":"Point","coordinates":[13.512058,43.602896]},"properties":{"tipo":"contatore","id":"C0161","via":"Via Camerano","civico":"","cap":"60128","comune":"Ancona"}},{"type":"Feature","geometry":{"type":"LineString","coordinates":[[13.512428,43.602805],[13.512457,43.60289]]},"properties":{"tipo":"allaccio"}},{"type":"Feature","geometry":{"type":"Point","coordinates":[13.512428,43.602805]},"properties":{"tipo":"contatore","id":"C0162","via":"Via delle Grazie","civico":"40","cap":"60128","comune":"Ancona"}},{"type":"Feature","geometry":{"type":"LineString","coordinates":[[13.514384,43.602771],[13.514351,43.602792]]},"properties":{"tipo":"allaccio"}},{"type":"Feature","geometry":{"type":"Point","coordinates":[13.514384,43.602771]},"properties":{"tipo":"contatore","id":"C0163","via":"Via Cingoli","civico":"27","cap":"60128","comune":"Ancona"}},{"type":"Feature","geometry":{"type":"LineString","coordinates":[[13.5135,43.60253],[13.513425,43.602451]]},"properties":{"tipo":"allaccio"}},{"type":"Feature","geometry":{"type":"Point","coordinates":[13.5135,43.60253]},"properties":{"tipo":"contatore","id":"C0164","via":"Via Cingoli","civico":"26","cap":"60128","comune":"Ancona"}},{"type":"Feature","geometry":{"type":"LineString","coordinates":[[13.513501,43.602811],[13.513646,43.602911]]},"properties":{"tipo":"allaccio"}},{"type":"Feature","geometry":{"type":"Point","coordinates":[13.513501,43.602811]},"properties":{"tipo":"contatore","id":"C0165","via":"Via delle Grazie","civico":"37","cap":"60128","comune":"Ancona"}},{"type":"Feature","geometry":{"type":"LineString","coordinates":[[13.513125,43.602771],[13.513019,43.602665]]},"properties":{"tipo":"allaccio"}},{"type":"Feature","geometry":{"type":"Point","coordinates":[13.513125,43.602771]},"properties":{"tipo":"contatore","id":"C0166","via":"Via delle Grazie","civico":"33","cap":"60128","comune":"Ancona"}},{"type":"Feature","geometry":{"type":"LineString","coordinates":[[13.503041,43.600548],[13.503037,43.600497]]},"properties":{"tipo":"allaccio"}},{"type":"Feature","geometry":{"type":"Point","coordinates":[13.503041,43.600548]},"properties":{"tipo":"contatore","id":"C0167","via":"Via Ascoli Piceno","civico":"38d","cap":"60126","comune":"Ancona"}},{"type":"Feature","geometry":{"type":"LineString","coordinates":[[13.503385,43.600555],[13.503396,43.600504]]},"properties":{"tipo":"allaccio"}},{"type":"Feature","geometry":{"type":"Point","coordinates":[13.503385,43.600555]},"properties":{"tipo":"contatore","id":"C0168","via":"Via Ascoli Piceno","civico":"38d","cap":"60126","comune":"Ancona"}},{"type":"Feature","geometry":{"type":"LineString","coordinates":[[13.503577,43.600731],[13.503565,43.600767]]},"properties":{"tipo":"allaccio"}},{"type":"Feature","geometry":{"type":"Point","coordinates":[13.503577,43.600731]},"properties":{"tipo":"contatore","id":"C0169","via":"Via Ascoli Piceno","civico":"38d","cap":"60126","comune":"Ancona"}},{"type":"Feature","geometry":{"type":"LineString","coordinates":[[13.503478,43.600925],[13.503472,43.600942]]},"properties":{"tipo":"allaccio"}},{"type":"Feature","geometry":{"type":"Point","coordinates":[13.503478,43.600925]},"properties":{"tipo":"contatore","id":"C0170","via":"Via Ascoli Piceno","civico":"26","cap":"60126","comune":"Ancona"}},{"type":"Feature","geometry":{"type":"LineString","coordinates":[[13.503056,43.60092],[13.503039,43.600977]]},"properties":{"tipo":"allaccio"}},{"type":"Feature","geometry":{"type":"Point","coordinates":[13.503056,43.60092]},"properties":{"tipo":"contatore","id":"C0171","via":"Via Jesi","civico":"89","cap":"60126","comune":"Ancona"}},{"type":"Feature","geometry":{"type":"LineString","coordinates":[[13.503078,43.60106],[13.503099,43.600986]]},"properties":{"tipo":"allaccio"}},{"type":"Feature","geometry":{"type":"Point","coordinates":[13.503078,43.60106]},"properties":{"tipo":"contatore","id":"C0172","via":"Via Jesi","civico":"54","cap":"60126","comune":"Ancona"}},{"type":"Feature","geometry":{"type":"LineString","coordinates":[[13.503381,43.60111],[13.503304,43.601134]]},"properties":{"tipo":"allaccio"}},{"type":"Feature","geometry":{"type":"Point","coordinates":[13.503381,43.60111]},"properties":{"tipo":"contatore","id":"C0173","via":"Via Jesi","civico":"87A","cap":"60126","comune":"Ancona"}},{"type":"Feature","geometry":{"type":"LineString","coordinates":[[13.503499,43.601328],[13.503475,43.601362]]},"properties":{"tipo":"allaccio"}},{"type":"Feature","geometry":{"type":"Point","coordinates":[13.503499,43.601328]},"properties":{"tipo":"contatore","id":"C0174","via":"Via Jesi","civico":"87","cap":"60126","comune":"Ancona"}},{"type":"Feature","geometry":{"type":"LineString","coordinates":[[13.503384,43.601423],[13.503432,43.601456]]},"properties":{"tipo":"allaccio"}},{"type":"Feature","geometry":{"type":"Point","coordinates":[13.503384,43.601423]},"properties":{"tipo":"contatore","id":"C0175","via":"Via Jesi","civico":"50","cap":"60126","comune":"Ancona"}},{"type":"Feature","geometry":{"type":"LineString","coordinates":[[13.50312,43.601306],[13.503136,43.601272]]},"properties":{"tipo":"allaccio"}},{"type":"Feature","geometry":{"type":"Point","coordinates":[13.50312,43.601306]},"properties":{"tipo":"contatore","id":"C0176","via":"Via Jesi","civico":"52","cap":"60126","comune":"Ancona"}},{"type":"Feature","geometry":{"type":"LineString","coordinates":[[13.503176,43.602243],[13.503269,43.6022]]},"properties":{"tipo":"allaccio"}},{"type":"Feature","geometry":{"type":"Point","coordinates":[13.503176,43.602243]},"properties":{"tipo":"contatore","id":"C0177","via":"Via Pesaro","civico":"31","cap":"60126","comune":"Ancona"}},{"type":"Feature","geometry":{"type":"LineString","coordinates":[[13.503238,43.602594],[13.503337,43.60262]]},"properties":{"tipo":"allaccio"}},{"type":"Feature","geometry":{"type":"Point","coordinates":[13.503238,43.602594]},"properties":{"tipo":"contatore","id":"C0178","via":"Via Pesaro","civico":"33","cap":"60126","comune":"Ancona"}},{"type":"Feature","geometry":{"type":"LineString","coordinates":[[13.503867,43.600707],[13.503917,43.600721]]},"properties":{"tipo":"allaccio"}},{"type":"Feature","geometry":{"type":"Point","coordinates":[13.503867,43.600707]},"properties":{"tipo":"contatore","id":"C0179","via":"Via Ascoli Piceno","civico":"30","cap":"60126","comune":"Ancona"}},{"type":"Feature","geometry":{"type":"LineString","coordinates":[[13.503772,43.600463],[13.503726,43.600569]]},"properties":{"tipo":"allaccio"}},{"type":"Feature","geometry":{"type":"Point","coordinates":[13.503772,43.600463]},"properties":{"tipo":"contatore","id":"C0180","via":"Via Ascoli Piceno","civico":"27","cap":"60126","comune":"Ancona"}},{"type":"Feature","geometry":{"type":"LineString","coordinates":[[13.503263,43.600444],[13.503261,43.600497]]},"properties":{"tipo":"allaccio"}},{"type":"Feature","geometry":{"type":"Point","coordinates":[13.503263,43.600444]},"properties":{"tipo":"contatore","id":"C0181","via":"Via Ascoli Piceno","civico":"38d","cap":"60126","comune":"Ancona"}},{"type":"Feature","geometry":{"type":"LineString","coordinates":[[13.505804,43.6016],[13.505962,43.601689]]},"properties":{"tipo":"allaccio"}},{"type":"Feature","geometry":{"type":"Point","coordinates":[13.505804,43.6016]},"properties":{"tipo":"contatore","id":"C0182","via":"Viale Cristoforo Colombo","civico":"80","cap":"60127","comune":"Ancona"}},{"type":"Feature","geometry":{"type":"LineString","coordinates":[[13.504231,43.600585],[13.504181,43.600687]]},"properties":{"tipo":"allaccio"}},{"type":"Feature","geometry":{"type":"Point","coordinates":[13.504231,43.600585]},"properties":{"tipo":"contatore","id":"C0183","via":"Via Ascoli Piceno","civico":"25","cap":"60126","comune":"Ancona"}},{"type":"Feature","geometry":{"type":"LineString","coordinates":[[13.503946,43.600736],[13.503914,43.600727]]},"properties":{"tipo":"allaccio"}},{"type":"Feature","geometry":{"type":"Point","coordinates":[13.503946,43.600736]},"properties":{"tipo":"contatore","id":"C0184","via":"Via Ascoli Piceno","civico":"18","cap":"60126","comune":"Ancona"}},{"type":"Feature","geometry":{"type":"LineString","coordinates":[[13.50428,43.600773],[13.504306,43.600719]]},"properties":{"tipo":"allaccio"}},{"type":"Feature","geometry":{"type":"Point","coordinates":[13.50428,43.600773]},"properties":{"tipo":"contatore","id":"C0185","via":"Via Ascoli Piceno","civico":"10/1","cap":"60126","comune":"Ancona"}},{"type":"Feature","geometry":{"type":"LineString","coordinates":[[13.504292,43.601016],[13.504411,43.60105]]},"properties":{"tipo":"allaccio"}},{"type":"Feature","geometry":{"type":"Point","coordinates":[13.504292,43.601016]},"properties":{"tipo":"contatore","id":"C0186","via":"Via Chiaravalle","civico":"3A","cap":"60126","comune":"Ancona"}},{"type":"Feature","geometry":{"type":"LineString","coordinates":[[13.503791,43.601002],[13.503653,43.600975]]},"properties":{"tipo":"allaccio"}},{"type":"Feature","geometry":{"type":"Point","coordinates":[13.503791,43.601002]},"properties":{"tipo":"contatore","id":"C0187","via":"Via Ascoli Piceno","civico":"20","cap":"60126","comune":"Ancona"}},{"type":"Feature","geometry":{"type":"LineString","coordinates":[[13.503608,43.603001],[13.503574,43.60307]]},"properties":{"tipo":"allaccio"}},{"type":"Feature","geometry":{"type":"Point","coordinates":[13.503608,43.603001]},"properties":{"tipo":"contatore","id":"C0188","via":"Via Scrima","civico":"47","cap":"60126","comune":"Ancona"}},{"type":"Feature","geometry":{"type":"LineString","coordinates":[[13.503394,43.602963],[13.503369,43.603028]]},"properties":{"tipo":"allaccio"}},{"type":"Feature","geometry":{"type":"Point","coordinates":[13.503394,43.602963]},"properties":{"tipo":"contatore","id":"C0189","via":"Via Scrima","civico":"55","cap":"60126","comune":"Ancona"}},{"type":"Feature","geometry":{"type":"LineString","coordinates":[[13.503326,43.602116],[13.503248,43.602175]]},"properties":{"tipo":"allaccio"}},{"type":"Feature","geometry":{"type":"Point","coordinates":[13.503326,43.602116]},"properties":{"tipo":"contatore","id":"C0190","via":"Via Pesaro","civico":"26AA","cap":"60126","comune":"Ancona"}},{"type":"Feature","geometry":{"type":"LineString","coordinates":[[13.503683,43.602306],[13.50357,43.602276]]},"properties":{"tipo":"allaccio"}},{"type":"Feature","geometry":{"type":"Point","coordinates":[13.503683,43.602306]},"properties":{"tipo":"contatore","id":"C0191","via":"Via Chiaravalle","civico":"24","cap":"60126","comune":"Ancona"}},{"type":"Feature","geometry":{"type":"LineString","coordinates":[[13.50345,43.602604],[13.503357,43.60258]]},"properties":{"tipo":"allaccio"}},{"type":"Feature","geometry":{"type":"Point","coordinates":[13.50345,43.602604]},"properties":{"tipo":"contatore","id":"C0192","via":"Via Pesaro","civico":"26","cap":"60126","comune":"Ancona"}},{"type":"Feature","geometry":{"type":"LineString","coordinates":[[13.505114,43.601795],[13.505105,43.601812]]},"properties":{"tipo":"allaccio"}},{"type":"Feature","geometry":{"type":"Point","coordinates":[13.505114,43.601795]},"properties":{"tipo":"contatore","id":"C0193","via":"Via Jesi","civico":"65","cap":"60126","comune":"Ancona"}},{"type":"Feature","geometry":{"type":"LineString","coordinates":[[13.505079,43.6019],[13.505123,43.601817]]},"properties":{"tipo":"allaccio"}},{"type":"Feature","geometry":{"type":"Point","coordinates":[13.505079,43.6019]},"properties":{"tipo":"contatore","id":"C0194","via":"Via Jesi","civico":"36","cap":"60126","comune":"Ancona"}},{"type":"Feature","geometry":{"type":"LineString","coordinates":[[13.504872,43.60213],[13.505123,43.602262]]},"properties":{"tipo":"allaccio"}},{"type":"Feature","geometry":{"type":"Point","coordinates":[13.504872,43.60213]},"properties":{"tipo":"contatore","id":"C0195","via":"Via Senigallia","civico":"9","cap":"60126","comune":"Ancona"}},{"type":"Feature","geometry":{"type":"LineString","coordinates":[[13.504409,43.60221],[13.504332,43.602191]]},"properties":{"tipo":"allaccio"}},{"type":"Feature","geometry":{"type":"Point","coordinates":[13.504409,43.60221]},"properties":{"tipo":"contatore","id":"C0196","via":"Via Osimo","civico":"15","cap":"60126","comune":"Ancona"}},{"type":"Feature","geometry":{"type":"LineString","coordinates":[[13.50484,43.602404],[13.504934,43.602453]]},"properties":{"tipo":"allaccio"}},{"type":"Feature","geometry":{"type":"Point","coordinates":[13.50484,43.602404]},"properties":{"tipo":"contatore","id":"C0197","via":"Via Senigallia","civico":"11","cap":"60126","comune":"Ancona"}},{"type":"Feature","geometry":{"type":"LineString","coordinates":[[13.50462,43.602647],[13.50472,43.602689]]},"properties":{"tipo":"allaccio"}},{"type":"Feature","geometry":{"type":"Point","coordinates":[13.50462,43.602647]},"properties":{"tipo":"contatore","id":"C0198","via":"Via Senigallia","civico":"23","cap":"60126","comune":"Ancona"}},{"type":"Feature","geometry":{"type":"LineString","coordinates":[[13.504114,43.602493],[13.504192,43.602511]]},"properties":{"tipo":"allaccio"}},{"type":"Feature","geometry":{"type":"Point","coordinates":[13.504114,43.602493]},"properties":{"tipo":"contatore","id":"C0199","via":"Via Osimo","civico":"24","cap":"60126","comune":"Ancona"}},{"type":"Feature","geometry":{"type":"LineString","coordinates":[[13.50406,43.602761],[13.504136,43.602643]]},"properties":{"tipo":"allaccio"}},{"type":"Feature","geometry":{"type":"Point","coordinates":[13.50406,43.602761]},"properties":{"tipo":"contatore","id":"C0200","via":"Via Scrima","civico":"43","cap":"60126","comune":"Ancona"}},{"type":"Feature","geometry":{"type":"LineString","coordinates":[[13.50377,43.60304],[13.503574,43.60307]]},"properties":{"tipo":"allaccio"}},{"type":"Feature","geometry":{"type":"Point","coordinates":[13.50377,43.60304]},"properties":{"tipo":"contatore","id":"C0201","via":"Via Scrima","civico":"41","cap":"60126","comune":"Ancona"}},{"type":"Feature","geometry":{"type":"LineString","coordinates":[[13.505015,43.602451],[13.504963,43.602424]]},"properties":{"tipo":"allaccio"}},{"type":"Feature","geometry":{"type":"Point","coordinates":[13.505015,43.602451]},"properties":{"tipo":"contatore","id":"C0202","via":"Via Senigallia","civico":"14/4","cap":"60126","comune":"Ancona"}},{"type":"Feature","geometry":{"type":"LineString","coordinates":[[13.505768,43.602637],[13.505719,43.602629]]},"properties":{"tipo":"allaccio"}},{"type":"Feature","geometry":{"type":"Point","coordinates":[13.505768,43.602637]},"properties":{"tipo":"contatore","id":"C0203","via":"Via Jesi","civico":"29","cap":"60126","comune":"Ancona"}},{"type":"Feature","geometry":{"type":"LineString","coordinates":[[13.505674,43.602966],[13.50561,43.602954]]},"properties":{"tipo":"allaccio"}},{"type":"Feature","geometry":{"type":"Point","coordinates":[13.505674,43.602966]},"properties":{"tipo":"contatore","id":"C0204","via":"Via Jesi","civico":"17","cap":"60126","comune":"Ancona"}},{"type":"Feature","geometry":{"type":"LineString","coordinates":[[13.50545,43.602755],[13.505384,43.602744]]},"properties":{"tipo":"allaccio"}},{"type":"Feature","geometry":{"type":"Point","coordinates":[13.50545,43.602755]},"properties":{"tipo":"contatore","id":"C0205","via":"Via Jesi","civico":"33/13","cap":"60126","comune":"Ancona"}},{"type":"Feature","geometry":{"type":"LineString","coordinates":[[13.505806,43.602158],[13.505897,43.602138]]},"properties":{"tipo":"allaccio"}},{"type":"Feature","geometry":{"type":"Point","coordinates":[13.505806,43.602158]},"properties":{"tipo":"contatore","id":"C0206","via":"Via Loreto","civico":"28a","cap":"60126","comune":"Ancona"}},{"type":"Feature","geometry":{"type":"LineString","coordinates":[[13.505762,43.602031],[13.505845,43.602013]]},"properties":{"tipo":"allaccio"}},{"type":"Feature","geometry":{"type":"Point","coordinates":[13.505762,43.602031]},"properties":{"tipo":"contatore","id":"C0207","via":"Via Loreto","civico":"28a","cap":"60126","comune":"Ancona"}},{"type":"Feature","geometry":{"type":"LineString","coordinates":[[13.506122,43.601997],[13.506144,43.601986]]},"properties":{"tipo":"allaccio"}},{"type":"Feature","geometry":{"type":"Point","coordinates":[13.506122,43.601997]},"properties":{"tipo":"contatore","id":"C0208","via":"Via Loreto","civico":"34","cap":"60126","comune":"Ancona"}},{"type":"Feature","geometry":{"type":"LineString","coordinates":[[13.505883,43.601893],[13.505811,43.601932]]},"properties":{"tipo":"allaccio"}},{"type":"Feature","geometry":{"type":"Point","coordinates":[13.505883,43.601893]},"properties":{"tipo":"contatore","id":"C0209","via":"Via Loreto","civico":"36","cap":"60126","comune":"Ancona"}},{"type":"Feature","geometry":{"type":"LineString","coordinates":[[13.50548,43.601741],[13.5054,43.601743]]},"properties":{"tipo":"allaccio"}},{"type":"Feature","geometry":{"type":"Point","coordinates":[13.50548,43.601741]},"properties":{"tipo":"contatore","id":"C0210","via":"Via Senigallia","civico":"8","cap":"60126","comune":"Ancona"}},{"type":"Feature","geometry":{"type":"LineString","coordinates":[[13.505461,43.601459],[13.505387,43.601463]]},"properties":{"tipo":"allaccio"}},{"type":"Feature","geometry":{"type":"Point","coordinates":[13.505461,43.601459]},"properties":{"tipo":"contatore","id":"C0211","via":"Via Senigallia","civico":"4","cap":"60126","comune":"Ancona"}},{"type":"Feature","geometry":{"type":"LineString","coordinates":[[13.505252,43.601092],[13.50536,43.601096]]},"properties":{"tipo":"allaccio"}},{"type":"Feature","geometry":{"type":"Point","coordinates":[13.505252,43.601092]},"properties":{"tipo":"contatore","id":"C0212","via":"Via Senigallia","civico":"1","cap":"60126","comune":"Ancona"}},{"type":"Feature","geometry":{"type":"LineString","coordinates":[[13.505271,43.601326],[13.505374,43.601321]]},"properties":{"tipo":"allaccio"}},{"type":"Feature","geometry":{"type":"Point","coordinates":[13.505271,43.601326]},"properties":{"tipo":"contatore","id":"C0213","via":"Via Senigallia","civico":"3","cap":"60126","comune":"Ancona"}},{"type":"Feature","geometry":{"type":"LineString","coordinates":[[13.505284,43.601602],[13.505394,43.6016]]},"properties":{"tipo":"allaccio"}},{"type":"Feature","geometry":{"type":"Point","coordinates":[13.505284,43.601602]},"properties":{"tipo":"contatore","id":"C0214","via":"Via Senigallia","civico":"5","cap":"60126","comune":"Ancona"}},{"type":"Feature","geometry":{"type":"LineString","coordinates":[[13.504991,43.601604],[13.50491,43.601758]]},"properties":{"tipo":"allaccio"}},{"type":"Feature","geometry":{"type":"Point","coordinates":[13.504991,43.601604]},"properties":{"tipo":"contatore","id":"C0215","via":"Via Jesi","civico":"65","cap":"60126","comune":"Ancona"}},{"type":"Feature","geometry":{"type":"LineString","coordinates":[[13.508791,43.601126],[13.508786,43.60116]]},"properties":{"tipo":"allaccio"}},{"type":"Feature","geometry":{"type":"Point","coordinates":[13.508791,43.601126]},"properties":{"tipo":"contatore","id":"C0216","via":"Piazza d'Armi","civico":"","cap":"60127","comune":"Ancona"}},{"type":"Feature","geometry":{"type":"LineString","coordinates":[[13.50831,43.600627],[13.508247,43.600536]]},"properties":{"tipo":"allaccio"}},{"type":"Feature","geometry":{"type":"Point","coordinates":[13.50831,43.600627]},"properties":{"tipo":"contatore","id":"C0217","via":"Piazza d'Armi","civico":"","cap":"60127","comune":"Ancona"}},{"type":"Feature","geometry":{"type":"LineString","coordinates":[[13.508528,43.601436],[13.508545,43.601429]]},"properties":{"tipo":"allaccio"}},{"type":"Feature","geometry":{"type":"Point","coordinates":[13.508528,43.601436]},"properties":{"tipo":"contatore","id":"C0218","via":"Piazza d'Armi","civico":"16","cap":"60127","comune":"Ancona"}},{"type":"Feature","geometry":{"type":"LineString","coordinates":[[13.507996,43.601558],[13.507931,43.601472]]},"properties":{"tipo":"allaccio"}},{"type":"Feature","geometry":{"type":"Point","coordinates":[13.507996,43.601558]},"properties":{"tipo":"contatore","id":"C0219","via":"Piazza d'Armi","civico":"12","cap":"60127","comune":"Ancona"}},{"type":"Feature","geometry":{"type":"LineString","coordinates":[[13.507628,43.60178],[13.507603,43.60179]]},"properties":{"tipo":"allaccio"}},{"type":"Feature","geometry":{"type":"Point","coordinates":[13.507628,43.60178]},"properties":{"tipo":"contatore","id":"C0220","via":"Piazza d'Armi","civico":"9","cap":"60127","comune":"Ancona"}},{"type":"Feature","geometry":{"type":"LineString","coordinates":[[13.507748,43.601934],[13.507715,43.601946]]},"properties":{"tipo":"allaccio"}},{"type":"Feature","geometry":{"type":"Point","coordinates":[13.507748,43.601934]},"properties":{"tipo":"contatore","id":"C0221","via":"Piazza d'Armi","civico":"8A","cap":"60127","comune":"Ancona"}},{"type":"Feature","geometry":{"type":"LineString","coordinates":[[13.508945,43.601225],[13.508882,43.601258]]},"properties":{"tipo":"allaccio"}},{"type":"Feature","geometry":{"type":"Point","coordinates":[13.508945,43.601225]},"properties":{"tipo":"contatore","id":"C0222","via":"Piazza d'Armi","civico":"","cap":"60127","comune":"Ancona"}},{"type":"Feature","geometry":{"type":"LineString","coordinates":[[13.508893,43.601371],[13.508959,43.601336]]},"properties":{"tipo":"allaccio"}},{"type":"Feature","geometry":{"type":"Point","coordinates":[13.508893,43.601371]},"properties":{"tipo":"contatore","id":"C0223","via":"Piazza d'Armi","civico":"18","cap":"60127","comune":"Ancona"}},{"type":"Feature","geometry":{"type":"LineString","coordinates":[[13.509331,43.59813],[13.509161,43.598039]]},"properties":{"tipo":"allaccio"}},{"type":"Feature","geometry":{"type":"Point","coordinates":[13.509331,43.59813]},"properties":{"tipo":"contatore","id":"C0224","via":"Via della Montagnola","civico":"27","cap":"60127","comune":"Ancona"}},{"type":"Feature","geometry":{"type":"LineString","coordinates":[[13.509014,43.598927],[13.508954,43.598914]]},"properties":{"tipo":"allaccio"}},{"type":"Feature","geometry":{"type":"Point","coordinates":[13.509014,43.598927]},"properties":{"tipo":"contatore","id":"C0225","via":"Via Fermo","civico":"2","cap":"60128","comune":"Ancona"}},{"type":"Feature","geometry":{"type":"LineString","coordinates":[[13.509107,43.598689],[13.509053,43.598677]]},"properties":{"tipo":"allaccio"}},{"type":"Feature","geometry":{"type":"Point","coordinates":[13.509107,43.598689]},"properties":{"tipo":"contatore","id":"C0226","via":"Via Montagnola","civico":"25","cap":"60127","comune":"Ancona"}},{"type":"Feature","geometry":{"type":"LineString","coordinates":[[13.509459,43.59867],[13.509452,43.598542]]},"properties":{"tipo":"allaccio"}},{"type":"Feature","geometry":{"type":"Point","coordinates":[13.509459,43.59867]},"properties":{"tipo":"contatore","id":"C0227","via":"Via Fermo","civico":"14","cap":"60128","comune":"Ancona"}},{"type":"Feature","geometry":{"type":"LineString","coordinates":[[13.509482,43.598895],[13.50951,43.599122]]},"properties":{"tipo":"allaccio"}},{"type":"Feature","geometry":{"type":"Point","coordinates":[13.509482,43.598895]},"properties":{"tipo":"contatore","id":"C0228","via":"Via Fermo","civico":"12","cap":"60128","comune":"Ancona"}},{"type":"Feature","geometry":{"type":"LineString","coordinates":[[13.509408,43.599037],[13.509419,43.599128]]},"properties":{"tipo":"allaccio"}},{"type":"Feature","geometry":{"type":"Point","coordinates":[13.509408,43.599037]},"properties":{"tipo":"contatore","id":"C0229","via":"Via Fermo","civico":"10A","cap":"60128","comune":"Ancona"}},{"type":"Feature","geometry":{"type":"LineString","coordinates":[[13.510616,43.598843],[13.510669,43.598914]]},"properties":{"tipo":"allaccio"}},{"type":"Feature","geometry":{"type":"Point","coordinates":[13.510616,43.598843]},"properties":{"tipo":"contatore","id":"C0230","via":"Via Fermo","civico":"36","cap":"60128","comune":"Ancona"}},{"type":"Feature","geometry":{"type":"LineString","coordinates":[[13.510415,43.598949],[13.510452,43.598999]]},"properties":{"tipo":"allaccio"}},{"type":"Feature","geometry":{"type":"Point","coordinates":[13.510415,43.598949]},"properties":{"tipo":"contatore","id":"C0231","via":"Via Fermo","civico":"34","cap":"60128","comune":"Ancona"}},{"type":"Feature","geometry":{"type":"LineString","coordinates":[[13.510137,43.598606],[13.510133,43.598536]]},"properties":{"tipo":"allaccio"}},{"type":"Feature","geometry":{"type":"Point","coordinates":[13.510137,43.598606]},"properties":{"tipo":"contatore","id":"C0232","via":"Via Fermo","civico":"28A","cap":"60128","comune":"Ancona"}},{"type":"Feature","geometry":{"type":"LineString","coordinates":[[13.510143,43.59874],[13.510132,43.598536]]},"properties":{"tipo":"allaccio"}},{"type":"Feature","geometry":{"type":"Point","coordinates":[13.510143,43.59874]},"properties":{"tipo":"contatore","id":"C0233","via":"Via Fermo","civico":"34","cap":"60128","comune":"Ancona"}},{"type":"Feature","geometry":{"type":"LineString","coordinates":[[13.510195,43.598988],[13.510211,43.599052]]},"properties":{"tipo":"allaccio"}},{"type":"Feature","geometry":{"type":"Point","coordinates":[13.510195,43.598988]},"properties":{"tipo":"contatore","id":"C0234","via":"Via Fermo","civico":"34","cap":"60128","comune":"Ancona"}},{"type":"Feature","geometry":{"type":"LineString","coordinates":[[13.509956,43.598999],[13.509975,43.599082]]},"properties":{"tipo":"allaccio"}},{"type":"Feature","geometry":{"type":"Point","coordinates":[13.509956,43.598999]},"properties":{"tipo":"contatore","id":"C0235","via":"Via Fermo","civico":"24","cap":"60128","comune":"Ancona"}},{"type":"Feature","geometry":{"type":"LineString","coordinates":[[13.509902,43.598633],[13.509903,43.598538]]},"properties":{"tipo":"allaccio"}},{"type":"Feature","geometry":{"type":"Point","coordinates":[13.509902,43.598633]},"properties":{"tipo":"contatore","id":"C0236","via":"Via Fermo","civico":"26","cap":"60128","comune":"Ancona"}},{"type":"Feature","geometry":{"type":"LineString","coordinates":[[13.509713,43.598625],[13.509714,43.598537]]},"properties":{"tipo":"allaccio"}},{"type":"Feature","geometry":{"type":"Point","coordinates":[13.509713,43.598625]},"properties":{"tipo":"contatore","id":"C0237","via":"Via Fermo","civico":"16","cap":"60128","comune":"Ancona"}},{"type":"Feature","geometry":{"type":"LineString","coordinates":[[13.509755,43.598902],[13.509803,43.599103]]},"properties":{"tipo":"allaccio"}},{"type":"Feature","geometry":{"type":"Point","coordinates":[13.509755,43.598902]},"properties":{"tipo":"contatore","id":"C0238","via":"Via Fermo","civico":"18","cap":"60128","comune":"Ancona"}},{"type":"Feature","geometry":{"type":"LineString","coordinates":[[13.50972,43.599033],[13.509739,43.599111]]},"properties":{"tipo":"allaccio"}},{"type":"Feature","geometry":{"type":"Point","coordinates":[13.50972,43.599033]},"properties":{"tipo":"contatore","id":"C0239","via":"Via Fermo","civico":"20","cap":"60128","comune":"Ancona"}},{"type":"Feature","geometry":{"type":"LineString","coordinates":[[13.511303,43.598859],[13.511363,43.598773]]},"properties":{"tipo":"allaccio"}},{"type":"Feature","geometry":{"type":"Point","coordinates":[13.511303,43.598859]},"properties":{"tipo":"contatore","id":"C0240","via":"Via Augusto Moroder","civico":"1","cap":"60128","comune":"Ancona"}},{"type":"Feature","geometry":{"type":"LineString","coordinates":[[13.511571,43.599218],[13.51162,43.599353]]},"properties":{"tipo":"allaccio"}},{"type":"Feature","geometry":{"type":"Point","coordinates":[13.511571,43.599218]},"properties":{"tipo":"contatore","id":"C0241","via":"Via Beniamino Gigli","civico":"13","cap":"60128","comune":"Ancona"}},{"type":"Feature","geometry":{"type":"LineString","coordinates":[[13.510341,43.599533],[13.510312,43.599653]]},"properties":{"tipo":"allaccio"}},{"type":"Feature","geometry":{"type":"Point","coordinates":[13.510341,43.599533]},"properties":{"tipo":"contatore","id":"C0242","via":"Via Beniamino Gigli","civico":"7","cap":"60128","comune":"Ancona"}},{"type":"Feature","geometry":{"type":"LineString","coordinates":[[13.510757,43.599449],[13.510811,43.599554]]},"properties":{"tipo":"allaccio"}},{"type":"Feature","geometry":{"type":"Point","coordinates":[13.510757,43.599449]},"properties":{"tipo":"contatore","id":"C0243","via":"Via Beniamino Gigli","civico":"7","cap":"60128","comune":"Ancona"}},{"type":"Feature","geometry":{"type":"LineString","coordinates":[[13.511137,43.599313],[13.511206,43.599446]]},"properties":{"tipo":"allaccio"}},{"type":"Feature","geometry":{"type":"Point","coordinates":[13.511137,43.599313]},"properties":{"tipo":"contatore","id":"C0244","via":"Via Beniamino Gigli","civico":"11","cap":"60128","comune":"Ancona"}},{"type":"Feature","geometry":{"type":"LineString","coordinates":[[13.510818,43.598931],[13.510775,43.598873]]},"properties":{"tipo":"allaccio"}},{"type":"Feature","geometry":{"type":"Point","coordinates":[13.510818,43.598931]},"properties":{"tipo":"contatore","id":"C0245","via":"Via Fermo","civico":"5","cap":"60128","comune":"Ancona"}},{"type":"Feature","geometry":{"type":"LineString","coordinates":[[13.510528,43.599034],[13.510491,43.598984]]},"properties":{"tipo":"allaccio"}},{"type":"Feature","geometry":{"type":"Point","coordinates":[13.510528,43.599034]},"properties":{"tipo":"contatore","id":"C0246","via":"Via Fermo","civico":"3","cap":"60128","comune":"Ancona"}},{"type":"Feature","geometry":{"type":"LineString","coordinates":[[13.510261,43.599113],[13.510246,43.599047]]},"properties":{"tipo":"allaccio"}},{"type":"Feature","geometry":{"type":"Point","coordinates":[13.510261,43.599113]},"properties":{"tipo":"contatore","id":"C0247","via":"Via Fermo","civico":"1b","cap":"60128","comune":"Ancona"}},{"type":"Feature","geometry":{"type":"LineString","coordinates":[[13.509917,43.599161],[13.509901,43.599091]]},"properties":{"tipo":"allaccio"}},{"type":"Feature","geometry":{"type":"Point","coordinates":[13.509917,43.599161]},"properties":{"tipo":"contatore","id":"C0248","via":"Via Fermo","civico":"1b","cap":"60128","comune":"Ancona"}},{"type":"Feature","geometry":{"type":"LineString","coordinates":[[13.509705,43.599506],[13.509819,43.599441]]},"properties":{"tipo":"allaccio"}},{"type":"Feature","geometry":{"type":"Point","coordinates":[13.509705,43.599506]},"properties":{"tipo":"contatore","id":"C0249","via":"Via Beniamino Gigli","civico":"6","cap":"60128","comune":"Ancona"}},{"type":"Feature","geometry":{"type":"LineString","coordinates":[[13.510115,43.600044],[13.510144,43.600125]]},"properties":{"tipo":"allaccio"}},{"type":"Feature","geometry":{"type":"Point","coordinates":[13.510115,43.600044]},"properties":{"tipo":"contatore","id":"C0250","via":"Via Giovanni Maria Anfossi","civico":"6","cap":"60128","comune":"Ancona"}},{"type":"Feature","geometry":{"type":"LineString","coordinates":[[13.509495,43.600189],[13.509539,43.600269]]},"properties":{"tipo":"allaccio"}},{"type":"Feature","geometry":{"type":"Point","coordinates":[13.509495,43.600189]},"properties":{"tipo":"contatore","id":"C0251","via":"Via Montagnola","civico":"15","cap":"60127","comune":"Ancona"}},{"type":"Feature","geometry":{"type":"LineString","coordinates":[[13.509313,43.600554],[13.509233,43.600574]]},"properties":{"tipo":"allaccio"}},{"type":"Feature","geometry":{"type":"Point","coordinates":[13.509313,43.600554]},"properties":{"tipo":"contatore","id":"C0252","via":"Via della Montagnola","civico":"11","cap":"60127","comune":"Ancona"}},{"type":"Feature","geometry":{"type":"LineString","coordinates":[[13.509995,43.600577],[13.510021,43.600647]]},"properties":{"tipo":"allaccio"}},{"type":"Feature","geometry":{"type":"Point","coordinates":[13.509995,43.600577]},"properties":{"tipo":"contatore","id":"C0253","via":"Via Giovanni Maria Anfossi","civico":"2","cap":"60128","comune":"Ancona"}},{"type":"Feature","geometry":{"type":"LineString","coordinates":[[13.510253,43.600218],[13.510214,43.600111]]},"properties":{"tipo":"allaccio"}},{"type":"Feature","geometry":{"type":"Point","coordinates":[13.510253,43.600218]},"properties":{"tipo":"contatore","id":"C0254","via":"Via Armando Seppilli","civico":"9","cap":"60128","comune":"Ancona"}},{"type":"Feature","geometry":{"type":"LineString","coordinates":[[13.512496,43.600569],[13.512516,43.600484]]},"properties":{"tipo":"allaccio"}},{"type":"Feature","geometry":{"type":"Point","coordinates":[13.512496,43.600569]},"properties":{"tipo":"contatore","id":"C0255","via":"Via Alfredo Antinori","civico":"12","cap":"60128","comune":"Ancona"}},{"type":"Feature","geometry":{"type":"LineString","coordinates":[[13.512682,43.600833],[13.51282,43.600856]]},"properties":{"tipo":"allaccio"}},{"type":"Feature","geometry":{"type":"Point","coordinates":[13.512682,43.600833]},"properties":{"tipo":"contatore","id":"C0256","via":"Via Mario Torresi","civico":"99","cap":"60128","comune":"Ancona"}},{"type":"Feature","geometry":{"type":"LineString","coordinates":[[13.512522,43.601448],[13.512534,43.601486]]},"properties":{"tipo":"allaccio"}},{"type":"Feature","geometry":{"type":"Point","coordinates":[13.512522,43.601448]},"properties":{"tipo":"contatore","id":"C0257","via":"Via Camerano","civico":"34","cap":"60128","comune":"Ancona"}},{"type":"Feature","geometry":{"type":"LineString","coordinates":[[13.511356,43.601519],[13.511344,43.601454]]},"properties":{"tipo":"allaccio"}},{"type":"Feature","geometry":{"type":"Point","coordinates":[13.511356,43.601519]},"properties":{"tipo":"contatore","id":"C0258","via":"Via Mario Torresi","civico":"54","cap":"60128","comune":"Ancona"}},{"type":"Feature","geometry":{"type":"LineString","coordinates":[[13.511666,43.601725],[13.511619,43.601734]]},"properties":{"tipo":"allaccio"}},{"type":"Feature","geometry":{"type":"Point","coordinates":[13.511666,43.601725]},"properties":{"tipo":"contatore","id":"C0259","via":"Via Camerano","civico":"28","cap":"60128","comune":"Ancona"}},{"type":"Feature","geometry":{"type":"LineString","coordinates":[[13.512169,43.601505],[13.51218,43.601543]]},"properties":{"tipo":"allaccio"}},{"type":"Feature","geometry":{"type":"Point","coordinates":[13.512169,43.601505]},"properties":{"tipo":"contatore","id":"C0260","via":"Via Camerano","civico":"32","cap":"60128","comune":"Ancona"}},{"type":"Feature","geometry":{"type":"LineString","coordinates":[[13.511823,43.601563],[13.511834,43.601598]]},"properties":{"tipo":"allaccio"}},{"type":"Feature","geometry":{"type":"Point","coordinates":[13.511823,43.601563]},"properties":{"tipo":"contatore","id":"C0261","via":"Via Camerano","civico":"30","cap":"60128","comune":"Ancona"}},{"type":"Feature","geometry":{"type":"LineString","coordinates":[[13.512251,43.601056],[13.512324,43.601292]]},"properties":{"tipo":"allaccio"}},{"type":"Feature","geometry":{"type":"Point","coordinates":[13.512251,43.601056]},"properties":{"tipo":"contatore","id":"C0262","via":"Via Mario Torresi","civico":"103","cap":"60128","comune":"Ancona"}},{"type":"Feature","geometry":{"type":"LineString","coordinates":[[13.512007,43.600546],[13.512087,43.600411]]},"properties":{"tipo":"allaccio"}},{"type":"Feature","geometry":{"type":"Point","coordinates":[13.512007,43.600546]},"properties":{"tipo":"contatore","id":"C0263","via":"Via Mario Torresi","civico":"89","cap":"60128","comune":"Ancona"}},{"type":"Feature","geometry":{"type":"LineString","coordinates":[[13.511663,43.601231],[13.511716,43.601395]]},"properties":{"tipo":"allaccio"}},{"type":"Feature","geometry":{"type":"Point","coordinates":[13.511663,43.601231]},"properties":{"tipo":"contatore","id":"C0264","via":"Via Mario Torresi","civico":"75b","cap":"60128","comune":"Ancona"}},{"type":"Feature","geometry":{"type":"LineString","coordinates":[[13.509342,43.601583],[13.509361,43.601638]]},"properties":{"tipo":"allaccio"}},{"type":"Feature","geometry":{"type":"Point","coordinates":[13.509342,43.601583]},"properties":{"tipo":"contatore","id":"C0265","via":"Via Mario Torresi","civico":"37","cap":"60128","comune":"Ancona"}},{"type":"Feature","geometry":{"type":"LineString","coordinates":[[13.509762,43.601494],[13.509778,43.601586]]},"properties":{"tipo":"allaccio"}},{"type":"Feature","geometry":{"type":"Point","coordinates":[13.509762,43.601494]},"properties":{"tipo":"contatore","id":"C0266","via":"Via Mario Torresi","civico":"41","cap":"60128","comune":"Ancona"}},{"type":"Feature","geometry":{"type":"LineString","coordinates":[[13.509981,43.601484],[13.509995,43.601567]]},"properties":{"tipo":"allaccio"}},{"type":"Feature","geometry":{"type":"Point","coordinates":[13.509981,43.601484]},"properties":{"tipo":"contatore","id":"C0267","via":"Via Mario Torresi","civico":"43","cap":"60128","comune":"Ancona"}},{"type":"Feature","geometry":{"type":"LineString","coordinates":[[13.51171,43.600822],[13.511212,43.600903]]},"properties":{"tipo":"allaccio"}},{"type":"Feature","geometry":{"type":"Point","coordinates":[13.51171,43.600822]},"properties":{"tipo":"contatore","id":"C0268","via":"Via Mario Torresi","civico":"81","cap":"60128","comune":"Ancona"}},{"type":"Feature","geometry":{"type":"LineString","coordinates":[[13.511303,43.600914],[13.51122,43.600927]]},"properties":{"tipo":"allaccio"}},{"type":"Feature","geometry":{"type":"Point","coordinates":[13.511303,43.600914]},"properties":{"tipo":"contatore","id":"C0269","via":"Via Carisio Ciavarini","civico":"7","cap":"60128","comune":"Ancona"}},{"type":"Feature","geometry":{"type":"LineString","coordinates":[[13.511185,43.60061],[13.511125,43.60062]]},"properties":{"tipo":"allaccio"}},{"type":"Feature","geometry":{"type":"Point","coordinates":[13.511185,43.60061]},"properties":{"tipo":"contatore","id":"C0270","via":"Via Giuseppe Bornaccini","civico":"11","cap":"60128","comune":"Ancona"}},{"type":"Feature","geometry":{"type":"LineString","coordinates":[[13.510661,43.600644],[13.510618,43.600528]]},"properties":{"tipo":"allaccio"}},{"type":"Feature","geometry":{"type":"Point","coordinates":[13.510661,43.600644]},"properties":{"tipo":"contatore","id":"C0271","via":"Via Carisio Ciavarini","civico":"6","cap":"60128","comune":"Ancona"}},{"type":"Feature","geometry":{"type":"LineString","coordinates":[[13.509717,43.600765],[13.509697,43.60071]]},"properties":{"tipo":"allaccio"}},{"type":"Feature","geometry":{"type":"Point","coordinates":[13.509717,43.600765]},"properties":{"tipo":"contatore","id":"C0272","via":"Via Montagnola","civico":"3","cap":"60127","comune":"Ancona"}},{"type":"Feature","geometry":{"type":"LineString","coordinates":[[13.509494,43.601131],[13.509368,43.601128]]},"properties":{"tipo":"allaccio"}},{"type":"Feature","geometry":{"type":"Point","coordinates":[13.509494,43.601131]},"properties":{"tipo":"contatore","id":"C0273","via":"Via Montagnola","civico":"3","cap":"60127","comune":"Ancona"}},{"type":"Feature","geometry":{"type":"LineString","coordinates":[[13.51347,43.601642],[13.513516,43.601677]]},"properties":{"tipo":"allaccio"}},{"type":"Feature","geometry":{"type":"Point","coordinates":[13.51347,43.601642]},"properties":{"tipo":"contatore","id":"C0274","via":"Via Camerano","civico":"11","cap":"60128","comune":"Ancona"}},{"type":"Feature","geometry":{"type":"LineString","coordinates":[[13.512866,43.60151],[13.512778,43.601527]]},"properties":{"tipo":"allaccio"}},{"type":"Feature","geometry":{"type":"Point","coordinates":[13.512866,43.60151]},"properties":{"tipo":"contatore","id":"C0275","via":"Via Camerano","civico":"36","cap":"60128","comune":"Ancona"}},{"type":"Feature","geometry":{"type":"LineString","coordinates":[[13.513309,43.601207],[13.513263,43.601102]]},"properties":{"tipo":"allaccio"}},{"type":"Feature","geometry":{"type":"Point","coordinates":[13.513309,43.601207]},"properties":{"tipo":"contatore","id":"C0276","via":"Via Mario Torresi","civico":"62","cap":"60128","comune":"Ancona"}},{"type":"Feature","geometry":{"type":"LineString","coordinates":[[13.512832,43.601036],[13.512767,43.601024]]},"properties":{"tipo":"allaccio"}},{"type":"Feature","geometry":{"type":"Point","coordinates":[13.512832,43.601036]},"properties":{"tipo":"contatore","id":"C0277","via":"Via Mario Torresi","civico":"105b","cap":"60128","comune":"Ancona"}},{"type":"Feature","geometry":{"type":"LineString","coordinates":[[13.513136,43.600505],[13.513067,43.600435]]},"properties":{"tipo":"allaccio"}},{"type":"Feature","geometry":{"type":"Point","coordinates":[13.513136,43.600505]},"properties":{"tipo":"contatore","id":"C0278","via":"Via Alfredo Antinori","civico":"7b","cap":"60128","comune":"Ancona"}},{"type":"Feature","geometry":{"type":"LineString","coordinates":[[13.513377,43.601003],[13.513405,43.60107]]},"properties":{"tipo":"allaccio"}},{"type":"Feature","geometry":{"type":"Point","coordinates":[13.513377,43.601003]},"properties":{"tipo":"contatore","id":"C0279","via":"Via Mario Torresi","civico":"109","cap":"60128","comune":"Ancona"}},{"type":"Feature","geometry":{"type":"LineString","coordinates":[[13.514375,43.600733],[13.514427,43.600801]]},"properties":{"tipo":"allaccio"}},{"type":"Feature","geometry":{"type":"Point","coordinates":[13.514375,43.600733]},"properties":{"tipo":"contatore","id":"C0280","via":"Via Mario Torresi","civico":"115","cap":"60128","comune":"Ancona"}},{"type":"Feature","geometry":{"type":"LineString","coordinates":[[13.514036,43.60083],[13.514073,43.600906]]},"properties":{"tipo":"allaccio"}},{"type":"Feature","geometry":{"type":"Point","coordinates":[13.514036,43.60083]},"properties":{"tipo":"contatore","id":"C0281","via":"Via Mario Torresi","civico":"113","cap":"60128","comune":"Ancona"}},{"type":"Feature","geometry":{"type":"LineString","coordinates":[[13.51551,43.60097],[13.515484,43.601006]]},"properties":{"tipo":"allaccio"}},{"type":"Feature","geometry":{"type":"Point","coordinates":[13.51551,43.60097]},"properties":{"tipo":"contatore","id":"C0282","via":"Via delle Grazie","civico":"116","cap":"60128","comune":"Ancona"}},{"type":"Feature","geometry":{"type":"LineString","coordinates":[[13.515096,43.601474],[13.515154,43.601554]]},"properties":{"tipo":"allaccio"}},{"type":"Feature","geometry":{"type":"Point","coordinates":[13.515096,43.601474]},"properties":{"tipo":"contatore","id":"C0283","via":"Via delle Grazie","civico":"102","cap":"60128","comune":"Ancona"}},{"type":"Feature","geometry":{"type":"LineString","coordinates":[[13.514057,43.601462],[13.513973,43.601384]]},"properties":{"tipo":"allaccio"}},{"type":"Feature","geometry":{"type":"Point","coordinates":[13.514057,43.601462]},"properties":{"tipo":"contatore","id":"C0284","via":"Via Camerano","civico":"4","cap":"60128","comune":"Ancona"}},{"type":"Feature","geometry":{"type":"LineString","coordinates":[[13.514222,43.601145],[13.514285,43.601199]]},"properties":{"tipo":"allaccio"}},{"type":"Feature","geometry":{"type":"Point","coordinates":[13.514222,43.601145]},"properties":{"tipo":"contatore","id":"C0285","via":"Via Camerano","civico":"3","cap":"60128","comune":"Ancona"}},{"type":"Feature","geometry":{"type":"LineString","coordinates":[[13.504678,43.600301],[13.50483,43.600396]]},"properties":{"tipo":"allaccio"}},{"type":"Feature","geometry":{"type":"Point","coordinates":[13.504678,43.600301]},"properties":{"tipo":"contatore","id":"C0286","via":"Via Giovanni Mingazzini","civico":"6","cap":"60127","comune":"Ancona"}},{"type":"Feature","geometry":{"type":"LineString","coordinates":[[13.503978,43.600251],[13.50381,43.60059]]},"properties":{"tipo":"allaccio"}},{"type":"Feature","geometry":{"type":"Point","coordinates":[13.503978,43.600251]},"properties":{"tipo":"contatore","id":"C0287","via":"Via Ascoli Piceno","civico":"27","cap":"60126","comune":"Ancona"}},{"type":"Feature","geometry":{"type":"LineString","coordinates":[[13.503369,43.600238],[13.50335,43.600499]]},"properties":{"tipo":"allaccio"}},{"type":"Feature","geometry":{"type":"Point","coordinates":[13.503369,43.600238]},"properties":{"tipo":"contatore","id":"C0288","via":"Via Ascoli Piceno","civico":"29BIS","cap":"60126","comune":"Ancona"}},{"type":"Feature","geometry":{"type":"LineString","coordinates":[[13.516112,43.598719],[13.516103,43.598763]]},"properties":{"tipo":"allaccio"}},{"type":"Feature","geometry":{"type":"Point","coordinates":[13.516112,43.598719]},"properties":{"tipo":"contatore","id":"C0289","via":"Via Mario Torresi","civico":"112","cap":"60128","comune":"Ancona"}},{"type":"Feature","geometry":{"type":"LineString","coordinates":[[13.516218,43.598594],[13.516211,43.598511]]},"properties":{"tipo":"allaccio"}},{"type":"Feature","geometry":{"type":"Point","coordinates":[13.516218,43.598594]},"properties":{"tipo":"contatore","id":"C0290","via":"Via Mario Torresi","civico":"112","cap":"60128","comune":"Ancona"}},{"type":"Feature","geometry":{"type":"LineString","coordinates":[[13.504248,43.596116],[13.50405,43.596126]]},"properties":{"tipo":"allaccio"}},{"type":"Feature","geometry":{"type":"Point","coordinates":[13.504248,43.596116]},"properties":{"tipo":"contatore","id":"C0291","via":"Via dell'Industria","civico":"8f","cap":"60127","comune":"Ancona"}},{"type":"Feature","geometry":{"type":"LineString","coordinates":[[13.50508,43.596089],[13.505417,43.596041]]},"properties":{"tipo":"allaccio"}},{"type":"Feature","geometry":{"type":"Point","coordinates":[13.50508,43.596089]},"properties":{"tipo":"contatore","id":"C0292","via":"Via dell'Artigianato","civico":"3b","cap":"60127","comune":"Ancona"}},{"type":"Feature","geometry":{"type":"LineString","coordinates":[[13.504401,43.59858],[13.50444,43.59863]]},"properties":{"tipo":"allaccio"}},{"type":"Feature","geometry":{"type":"Point","coordinates":[13.504401,43.59858]},"properties":{"tipo":"contatore","id":"C0293","via":"Via delle Palombare","civico":"6","cap":"60127","comune":"Ancona"}},{"type":"Feature","geometry":{"type":"LineString","coordinates":[[13.506215,43.595577],[13.506309,43.595593]]},"properties":{"tipo":"allaccio"}},{"type":"Feature","geometry":{"type":"Point","coordinates":[13.506215,43.595577]},"properties":{"tipo":"contatore","id":"C0294","via":"Via delle Palombare","civico":"44","cap":"60127","comune":"Ancona"}},{"type":"Feature","geometry":{"type":"LineString","coordinates":[[13.5078,43.597603],[13.507466,43.597694]]},"properties":{"tipo":"allaccio"}},{"type":"Feature","geometry":{"type":"Point","coordinates":[13.5078,43.597603]},"properties":{"tipo":"contatore","id":"C0295","via":"Via della Montagnola","civico":"26","cap":"60127","comune":"Ancona"}},{"type":"Feature","geometry":{"type":"LineString","coordinates":[[13.506438,43.596073],[13.506209,43.596075]]},"properties":{"tipo":"allaccio"}},{"type":"Feature","geometry":{"type":"Point","coordinates":[13.506438,43.596073]},"properties":{"tipo":"contatore","id":"C0296","via":"Via delle Palombare","civico":"25","cap":"60127","comune":"Ancona"}},{"type":"Feature","geometry":{"type":"LineString","coordinates":[[13.50648,43.595825],[13.506247,43.595784]]},"properties":{"tipo":"allaccio"}},{"type":"Feature","geometry":{"type":"Point","coordinates":[13.50648,43.595825]},"properties":{"tipo":"contatore","id":"C0297","via":"Via delle Palombare","civico":"27","cap":"60127","comune":"Ancona"}},{"type":"Feature","geometry":{"type":"LineString","coordinates":[[13.50879,43.599029],[13.508897,43.599053]]},"properties":{"tipo":"allaccio"}},{"type":"Feature","geometry":{"type":"Point","coordinates":[13.50879,43.599029]},"properties":{"tipo":"contatore","id":"C0298","via":"Via della Montagnola","civico":"21A","cap":"60127","comune":"Ancona"}},{"type":"Feature","geometry":{"type":"LineString","coordinates":[[13.508494,43.598487],[13.508776,43.598554]]},"properties":{"tipo":"allaccio"}},{"type":"Feature","geometry":{"type":"Point","coordinates":[13.508494,43.598487]},"properties":{"tipo":"contatore","id":"C0299","via":"Via Montagnola","civico":"24","cap":"60127","comune":"Ancona"}},{"type":"Feature","geometry":{"type":"LineString","coordinates":[[13.506302,43.596254],[13.506213,43.596255]]},"properties":{"tipo":"allaccio"}},{"type":"Feature","geometry":{"type":"Point","coordinates":[13.506302,43.596254]},"properties":{"tipo":"contatore","id":"C0300","via":"Via delle Palombare","civico":"23","cap":"60127","comune":"Ancona"}},{"type":"Feature","geometry":{"type":"LineString","coordinates":[[13.506908,43.596056],[13.507028,43.5961]]},"properties":{"tipo":"allaccio"}},{"type":"Feature","geometry":{"type":"Point","coordinates":[13.506908,43.596056]},"properties":{"tipo":"contatore","id":"C0301","via":"Via del Commercio","civico":"32","cap":"60127","comune":"Ancona"}},{"type":"Feature","geometry":{"type":"LineString","coordinates":[[13.509669,43.596172],[13.509936,43.596279]]},"properties":{"tipo":"allaccio"}},{"type":"Feature","geometry":{"type":"Point","coordinates":[13.509669,43.596172]},"properties":{"tipo":"contatore","id":"C0302","via":"Via della Montagnola","civico":"","cap":"60127","comune":"Ancona"}},{"type":"Feature","geometry":{"type":"LineString","coordinates":[[13.509542,43.595826],[13.510027,43.596208]]},"properties":{"tipo":"allaccio"}},{"type":"Feature","geometry":{"type":"Point","coordinates":[13.509542,43.595826]},"properties":{"tipo":"contatore","id":"C0303","via":"Via del Commercio","civico":"","cap":"60127","comune":"Ancona"}},{"type":"Feature","geometry":{"type":"LineString","coordinates":[[13.503558,43.598216],[13.503484,43.598041]]},"properties":{"tipo":"allaccio"}},{"type":"Feature","geometry":{"type":"Point","coordinates":[13.503558,43.598216]},"properties":{"tipo":"contatore","id":"C0304","via":"Via Alessandro Maggini","civico":"","cap":"60127","comune":"Ancona"}},{"type":"Feature","geometry":{"type":"LineString","coordinates":[[13.504504,43.598699],[13.504447,43.598627]]},"properties":{"tipo":"allaccio"}},{"type":"Feature","geometry":{"type":"Point","coordinates":[13.504504,43.598699]},"properties":{"tipo":"contatore","id":"C0305","via":"Via delle Palombare","civico":"1","cap":"60127","comune":"Ancona"}},{"type":"Feature","geometry":{"type":"LineString","coordinates":[[13.505088,43.598464],[13.505027,43.598386]]},"properties":{"tipo":"allaccio"}},{"type":"Feature","geometry":{"type":"Point","coordinates":[13.505088,43.598464]},"properties":{"tipo":"contatore","id":"C0306","via":"Via delle Palombare","civico":"3","cap":"60127","comune":"Ancona"}},{"type":"Feature","geometry":{"type":"LineString","coordinates":[[13.505951,43.59845],[13.505669,43.598106]]},"properties":{"tipo":"allaccio"}},{"type":"Feature","geometry":{"type":"Point","coordinates":[13.505951,43.59845]},"properties":{"tipo":"contatore","id":"C0307","via":"Via delle Palombare","civico":"","cap":"60127","comune":"Ancona"}},{"type":"Feature","geometry":{"type":"LineString","coordinates":[[13.50586,43.598166],[13.505773,43.598061]]},"properties":{"tipo":"allaccio"}},{"type":"Feature","geometry":{"type":"Point","coordinates":[13.50586,43.598166]},"properties":{"tipo":"contatore","id":"C0308","via":"Via delle Palombare","civico":"","cap":"60127","comune":"Ancona"}},{"type":"Feature","geometry":{"type":"LineString","coordinates":[[13.506411,43.597957],[13.50628,43.59784]]},"properties":{"tipo":"allaccio"}},{"type":"Feature","geometry":{"type":"Point","coordinates":[13.506411,43.597957]},"properties":{"tipo":"contatore","id":"C0309","via":"Via delle Palombare","civico":"3","cap":"60127","comune":"Ancona"}},{"type":"Feature","geometry":{"type":"LineString","coordinates":[[13.508096,43.598054],[13.50762,43.597996]]},"properties":{"tipo":"allaccio"}},{"type":"Feature","geometry":{"type":"Point","coordinates":[13.508096,43.598054]},"properties":{"tipo":"contatore","id":"C0310","via":"Via Joyce Lussu","civico":"","cap":"60127","comune":"Ancona"}},{"type":"Feature","geometry":{"type":"LineString","coordinates":[[13.508085,43.598234],[13.50762,43.597996]]},"properties":{"tipo":"allaccio"}},{"type":"Feature","geometry":{"type":"Point","coordinates":[13.508085,43.598234]},"properties":{"tipo":"contatore","id":"C0311","via":"Via della Montagnola","civico":"24A","cap":"60127","comune":"Ancona"}},{"type":"Feature","geometry":{"type":"LineString","coordinates":[[13.5033,43.597772],[13.503263,43.597724]]},"properties":{"tipo":"allaccio"}},{"type":"Feature","geometry":{"type":"Point","coordinates":[13.5033,43.597772]},"properties":{"tipo":"contatore","id":"C0312","via":"Via Alessandro Maggini","civico":"7","cap":"60127","comune":"Ancona"}},{"type":"Feature","geometry":{"type":"LineString","coordinates":[[13.503412,43.597302],[13.503365,43.597231]]},"properties":{"tipo":"allaccio"}},{"type":"Feature","geometry":{"type":"Point","coordinates":[13.503412,43.597302]},"properties":{"tipo":"contatore","id":"C0313","via":"Via Alessandro Maggini","civico":"84","cap":"60127","comune":"Ancona"}},{"type":"Feature","geometry":{"type":"LineString","coordinates":[[13.50308,43.597859],[13.503044,43.597811]]},"properties":{"tipo":"allaccio"}},{"type":"Feature","geometry":{"type":"Point","coordinates":[13.50308,43.597859]},"properties":{"tipo":"contatore","id":"C0314","via":"Via Wladislaw Anders","civico":"15","cap":"60127","comune":"Ancona"}},{"type":"Feature","geometry":{"type":"LineString","coordinates":[[13.503379,43.597183],[13.503402,43.597218]]},"properties":{"tipo":"allaccio"}},{"type":"Feature","geometry":{"type":"Point","coordinates":[13.503379,43.597183]},"properties":{"tipo":"contatore","id":"C0315","via":"Via Alessandro Maggini","civico":"102","cap":"60127","comune":"Ancona"}},{"type":"Feature","geometry":{"type":"LineString","coordinates":[[13.503189,43.597699],[13.50322,43.597741]]},"properties":{"tipo":"allaccio"}},{"type":"Feature","geometry":{"type":"Point","coordinates":[13.503189,43.597699]},"properties":{"tipo":"contatore","id":"C0316","via":"Via Wladislaw Anders","civico":"1","cap":"60127","comune":"Ancona"}},{"type":"Feature","geometry":{"type":"LineString","coordinates":[[13.503049,43.597348],[13.503021,43.597303]]},"properties":{"tipo":"allaccio"}},{"type":"Feature","geometry":{"type":"Point","coordinates":[13.503049,43.597348]},"properties":{"tipo":"contatore","id":"C0317","via":"Via Alessandro Maggini","civico":"47","cap":"60127","comune":"Ancona"}},{"type":"Feature","geometry":{"type":"LineString","coordinates":[[13.503544,43.59713],[13.503564,43.597161]]},"properties":{"tipo":"allaccio"}},{"type":"Feature","geometry":{"type":"Point","coordinates":[13.503544,43.59713]},"properties":{"tipo":"contatore","id":"C0318","via":"Via Alessandro Maggini","civico":"102","cap":"60127","comune":"Ancona"}},{"type":"Feature","geometry":{"type":"LineString","coordinates":[[13.506596,43.597522],[13.506301,43.597512]]},"properties":{"tipo":"allaccio"}},{"type":"Feature","geometry":{"type":"Point","coordinates":[13.506596,43.597522]},"properties":{"tipo":"contatore","id":"C0319","via":"Via delle Palombare","civico":"5A","cap":"60127","comune":"Ancona"}},{"type":"Feature","geometry":{"type":"LineString","coordinates":[[13.506357,43.597706],[13.506289,43.597704]]},"properties":{"tipo":"allaccio"}},{"type":"Feature","geometry":{"type":"Point","coordinates":[13.506357,43.597706]},"properties":{"tipo":"contatore","id":"C0320","via":"Via delle Palombare","civico":"3","cap":"60127","comune":"Ancona"}},{"type":"Feature","geometry":{"type":"LineString","coordinates":[[13.506367,43.597847],[13.50628,43.59784]]},"properties":{"tipo":"allaccio"}},{"type":"Feature","geometry":{"type":"Point","coordinates":[13.506367,43.597847]},"properties":{"tipo":"contatore","id":"C0321","via":"Via delle Palombare","civico":"3","cap":"60127","comune":"Ancona"}},{"type":"Feature","geometry":{"type":"LineString","coordinates":[[13.506384,43.597199],[13.506303,43.597199]]},"properties":{"tipo":"allaccio"}},{"type":"Feature","geometry":{"type":"Point","coordinates":[13.506384,43.597199]},"properties":{"tipo":"contatore","id":"C0322","via":"Via delle Palombare","civico":"11A","cap":"60127","comune":"Ancona"}},{"type":"Feature","geometry":{"type":"LineString","coordinates":[[13.506596,43.597635],[13.506294,43.597625]]},"properties":{"tipo":"allaccio"}},{"type":"Feature","geometry":{"type":"Point","coordinates":[13.506596,43.597635]},"properties":{"tipo":"contatore","id":"C0323","via":"Via delle Palombare","civico":"5","cap":"60127","comune":"Ancona"}},{"type":"Feature","geometry":{"type":"LineString","coordinates":[[13.506102,43.597887],[13.506121,43.597909]]},"properties":{"tipo":"allaccio"}},{"type":"Feature","geometry":{"type":"Point","coordinates":[13.506102,43.597887]},"properties":{"tipo":"contatore","id":"C0324","via":"Via delle Palombare","civico":"24","cap":"60127","comune":"Ancona"}},{"type":"Feature","geometry":{"type":"LineString","coordinates":[[13.510611,43.597781],[13.510721,43.597876]]},"properties":{"tipo":"allaccio"}},{"type":"Feature","geometry":{"type":"Point","coordinates":[13.510611,43.597781]},"properties":{"tipo":"contatore","id":"C0325","via":"Via della Montagnola","civico":"29","cap":"60127","comune":"Ancona"}},{"type":"Feature","geometry":{"type":"LineString","coordinates":[[13.507061,43.597247],[13.507165,43.59721]]},"properties":{"tipo":"allaccio"}},{"type":"Feature","geometry":{"type":"Point","coordinates":[13.507061,43.597247]},"properties":{"tipo":"contatore","id":"C0326","via":"Via delle Palombare","civico":"15A","cap":"60127","comune":"Ancona"}},{"type":"Feature","geometry":{"type":"LineString","coordinates":[[13.507304,43.597635],[13.507419,43.597604]]},"properties":{"tipo":"allaccio"}},{"type":"Feature","geometry":{"type":"Point","coordinates":[13.507304,43.597635]},"properties":{"tipo":"contatore","id":"C0327","via":"Via Joyce Lussu","civico":"","cap":"60127","comune":"Ancona"}},{"type":"Feature","geometry":{"type":"LineString","coordinates":[[13.509718,43.59738],[13.509835,43.597476]]},"properties":{"tipo":"allaccio"}},{"type":"Feature","geometry":{"type":"Point","coordinates":[13.509718,43.59738]},"properties":{"tipo":"contatore","id":"C0328","via":"Via Amos Luchetti Gentiloni","civico":"7","cap":"60127","comune":"Ancona"}},{"type":"Feature","geometry":{"type":"LineString","coordinates":[[13.509309,43.597722],[13.50943,43.597797]]},"properties":{"tipo":"allaccio"}},{"type":"Feature","geometry":{"type":"Point","coordinates":[13.509309,43.597722]},"properties":{"tipo":"contatore","id":"C0329","via":"Via della Montagnola","civico":"26B","cap":"60127","comune":"Ancona"}},{"type":"Feature","geometry":{"type":"LineString","coordinates":[[13.506373,43.59754],[13.506299,43.597538]]},"properties":{"tipo":"allaccio"}},{"type":"Feature","geometry":{"type":"Point","coordinates":[13.506373,43.59754]},"properties":{"tipo":"contatore","id":"C0330","via":"Via delle Palombare","civico":"5","cap":"60127","comune":"Ancona"}},{"type":"Feature","geometry":{"type":"LineString","coordinates":[[13.50753,43.598025],[13.50762,43.597996]]},"properties":{"tipo":"allaccio"}},{"type":"Feature","geometry":{"type":"Point","coordinates":[13.50753,43.598025]},"properties":{"tipo":"contatore","id":"C0331","via":"Via Joyce Lussu","civico":"","cap":"60127","comune":"Ancona"}},{"type":"Feature","geometry":{"type":"LineString","coordinates":[[13.506354,43.596872],[13.506261,43.596876]]},"properties":{"tipo":"allaccio"}},{"type":"Feature","geometry":{"type":"Point","coordinates":[13.506354,43.596872]},"properties":{"tipo":"contatore","id":"C0332","via":"Via delle Palombare","civico":"15","cap":"60127","comune":"Ancona"}},{"type":"Feature","geometry":{"type":"LineString","coordinates":[[13.507265,43.596955],[13.507048,43.597032]]},"properties":{"tipo":"allaccio"}},{"type":"Feature","geometry":{"type":"Point","coordinates":[13.507265,43.596955]},"properties":{"tipo":"contatore","id":"C0333","via":"Via della Montagnola","civico":"","cap":"60127","comune":"Ancona"}},{"type":"Feature","geometry":{"type":"LineString","coordinates":[[13.506329,43.596727],[13.506247,43.596731]]},"properties":{"tipo":"allaccio"}},{"type":"Feature","geometry":{"type":"Point","coordinates":[13.506329,43.596727]},"properties":{"tipo":"contatore","id":"C0334","via":"Via delle Palombare","civico":"17","cap":"60127","comune":"Ancona"}},{"type":"Feature","geometry":{"type":"LineString","coordinates":[[13.50561,43.595595],[13.505534,43.595587]]},"properties":{"tipo":"allaccio"}},{"type":"Feature","geometry":{"type":"Point","coordinates":[13.50561,43.595595]},"properties":{"tipo":"contatore","id":"C0335","via":"Via del Commercio","civico":"24","cap":"60127","comune":"Ancona"}},{"type":"Feature","geometry":{"type":"LineString","coordinates":[[13.505046,43.595567],[13.505291,43.595537]]},"properties":{"tipo":"allaccio"}},{"type":"Feature","geometry":{"type":"Point","coordinates":[13.505046,43.595567]},"properties":{"tipo":"contatore","id":"C0336","via":"Via dell'Industria","civico":"6","cap":"60127","comune":"Ancona"}},{"type":"Feature","geometry":{"type":"LineString","coordinates":[[13.505306,43.596692],[13.505488,43.596686]]},"properties":{"tipo":"allaccio"}},{"type":"Feature","geometry":{"type":"Point","coordinates":[13.505306,43.596692]},"properties":{"tipo":"contatore","id":"C0337","via":"Via dell'artigianato","civico":"13","cap":"60127","comune":"Ancona"}},{"type":"Feature","geometry":{"type":"LineString","coordinates":[[13.504285,43.596595],[13.504101,43.596615]]},"properties":{"tipo":"allaccio"}},{"type":"Feature","geometry":{"type":"Point","coordinates":[13.504285,43.596595]},"properties":{"tipo":"contatore","id":"C0338","via":"Via dell'Industria","civico":"10","cap":"60127","comune":"Ancona"}},{"type":"Feature","geometry":{"type":"LineString","coordinates":[[13.505099,43.597373],[13.505152,43.597442]]},"properties":{"tipo":"allaccio"}},{"type":"Feature","geometry":{"type":"Point","coordinates":[13.505099,43.597373]},"properties":{"tipo":"contatore","id":"C0339","via":"Via dell'artigianato","civico":"19","cap":"60127","comune":"Ancona"}},{"type":"Feature","geometry":{"type":"LineString","coordinates":[[13.504536,43.596973],[13.504361,43.597044]]},"properties":{"tipo":"allaccio"}},{"type":"Feature","geometry":{"type":"Point","coordinates":[13.504536,43.596973]},"properties":{"tipo":"contatore","id":"C0340","via":"Via dell'Industria","civico":"12","cap":"60127","comune":"Ancona"}},{"type":"Feature","geometry":{"type":"LineString","coordinates":[[13.504604,43.597241],[13.504533,43.59727]]},"properties":{"tipo":"allaccio"}},{"type":"Feature","geometry":{"type":"Point","coordinates":[13.504604,43.597241]},"properties":{"tipo":"contatore","id":"C0341","via":"Via dell'Industria","civico":"12","cap":"60127","comune":"Ancona"}},{"type":"Feature","geometry":{"type":"LineString","coordinates":[[13.505303,43.598186],[13.505352,43.598245]]},"properties":{"tipo":"allaccio"}},{"type":"Feature","geometry":{"type":"Point","coordinates":[13.505303,43.598186]},"properties":{"tipo":"contatore","id":"C0342","via":"Via delle Palombare","civico":"16","cap":"60127","comune":"Ancona"}},{"type":"Feature","geometry":{"type":"LineString","coordinates":[[13.50595,43.597946],[13.505973,43.597974]]},"properties":{"tipo":"allaccio"}},{"type":"Feature","geometry":{"type":"Point","coordinates":[13.50595,43.597946]},"properties":{"tipo":"contatore","id":"C0343","via":"Via delle Palombare","civico":"24","cap":"60127","comune":"Ancona"}},{"type":"Feature","geometry":{"type":"LineString","coordinates":[[13.506205,43.597647],[13.506292,43.59765]]},"properties":{"tipo":"allaccio"}},{"type":"Feature","geometry":{"type":"Point","coordinates":[13.506205,43.597647]},"properties":{"tipo":"contatore","id":"C0344","via":"Via delle Palombare","civico":"24","cap":"60127","comune":"Ancona"}},{"type":"Feature","geometry":{"type":"LineString","coordinates":[[13.506004,43.597372],[13.506003,43.597436]]},"properties":{"tipo":"allaccio"}},{"type":"Feature","geometry":{"type":"Point","coordinates":[13.506004,43.597372]},"properties":{"tipo":"contatore","id":"C0345","via":"Via delle Palombare","civico":"30","cap":"60127","comune":"Ancona"}},{"type":"Feature","geometry":{"type":"LineString","coordinates":[[13.505802,43.598003],[13.50583,43.598037]]},"properties":{"tipo":"allaccio"}},{"type":"Feature","geometry":{"type":"Point","coordinates":[13.505802,43.598003]},"properties":{"tipo":"contatore","id":"C0346","via":"Via delle Palombare","civico":"18","cap":"60127","comune":"Ancona"}},{"type":"Feature","geometry":{"type":"LineString","coordinates":[[13.506133,43.596854],[13.506258,43.596848]]},"properties":{"tipo":"allaccio"}},{"type":"Feature","geometry":{"type":"Point","coordinates":[13.506133,43.596854]},"properties":{"tipo":"contatore","id":"C0347","via":"Via delle Palombare","civico":"36","cap":"60127","comune":"Ancona"}},{"type":"Feature","geometry":{"type":"LineString","coordinates":[[13.505692,43.597625],[13.505618,43.597535]]},"properties":{"tipo":"allaccio"}},{"type":"Feature","geometry":{"type":"Point","coordinates":[13.505692,43.597625]},"properties":{"tipo":"contatore","id":"C0348","via":"Via Ariovisto Pezzotti","civico":"11","cap":"60127","comune":"Ancona"}},{"type":"Feature","geometry":{"type":"LineString","coordinates":[[13.504889,43.598084],[13.50482,43.598114]]},"properties":{"tipo":"allaccio"}},{"type":"Feature","geometry":{"type":"Point","coordinates":[13.504889,43.598084]},"properties":{"tipo":"contatore","id":"C0349","via":"Via Ariovisto Pezzotti","civico":"1","cap":"60127","comune":"Ancona"}},{"type":"Feature","geometry":{"type":"LineString","coordinates":[[13.505312,43.597771],[13.505248,43.597685]]},"properties":{"tipo":"allaccio"}},{"type":"Feature","geometry":{"type":"Point","coordinates":[13.505312,43.597771]},"properties":{"tipo":"contatore","id":"C0350","via":"Via Ariovisto Pezzotti","civico":"11","cap":"60127","comune":"Ancona"}},{"type":"Feature","geometry":{"type":"LineString","coordinates":[[13.503958,43.59788],[13.503705,43.597978]]},"properties":{"tipo":"allaccio"}},{"type":"Feature","geometry":{"type":"Point","coordinates":[13.503958,43.59788]},"properties":{"tipo":"contatore","id":"C0351","via":"Via Alessandro Maggini","civico":"72","cap":"60128","comune":"Ancona"}},{"type":"Feature","geometry":{"type":"LineString","coordinates":[[13.504694,43.598455],[13.504736,43.598508]]},"properties":{"tipo":"allaccio"}},{"type":"Feature","geometry":{"type":"Point","coordinates":[13.504694,43.598455]},"properties":{"tipo":"contatore","id":"C0352","via":"Via delle Palombare","civico":"10","cap":"60128","comune":"Ancona"}},{"type":"Feature","geometry":{"type":"LineString","coordinates":[[13.503503,43.598086],[13.503484,43.598041]]},"properties":{"tipo":"allaccio"}},{"type":"Feature","geometry":{"type":"Point","coordinates":[13.503503,43.598086]},"properties":{"tipo":"contatore","id":"C0353","via":"Via Alessandro Maggini","civico":"","cap":"60127","comune":"Ancona"}},{"type":"Feature","geometry":{"type":"LineString","coordinates":[[13.504118,43.598074],[13.503842,43.598176]]},"properties":{"tipo":"allaccio"}},{"type":"Feature","geometry":{"type":"Point","coordinates":[13.504118,43.598074]},"properties":{"tipo":"contatore","id":"C0354","via":"Via Alessandro Maggini","civico":"28","cap":"60127","comune":"Ancona"}},{"type":"Feature","geometry":{"type":"LineString","coordinates":[[13.504181,43.597797],[13.504415,43.597705]]},"properties":{"tipo":"allaccio"}},{"type":"Feature","geometry":{"type":"Point","coordinates":[13.504181,43.597797]},"properties":{"tipo":"contatore","id":"C0355","via":"Via Alessandro Maggini","civico":"60","cap":"60127","comune":"Ancona"}},{"type":"Feature","geometry":{"type":"LineString","coordinates":[[13.50385,43.598331],[13.50393,43.598302]]},"properties":{"tipo":"allaccio"}},{"type":"Feature","geometry":{"type":"Point","coordinates":[13.50385,43.598331]},"properties":{"tipo":"contatore","id":"C0356","via":"Via Alessandro Maggini","civico":"24","cap":"60127","comune":"Ancona"}},{"type":"Feature","geometry":{"type":"LineString","coordinates":[[13.503648,43.597192],[13.503615,43.597143]]},"properties":{"tipo":"allaccio"}},{"type":"Feature","geometry":{"type":"Point","coordinates":[13.503648,43.597192]},"properties":{"tipo":"contatore","id":"C0357","via":"Via della Tecnica","civico":"3","cap":"60127","comune":"Ancona"}},{"type":"Feature","geometry":{"type":"LineString","coordinates":[[13.504236,43.597919],[13.504497,43.597814]]},"properties":{"tipo":"allaccio"}},{"type":"Feature","geometry":{"type":"Point","coordinates":[13.504236,43.597919]},"properties":{"tipo":"contatore","id":"C0358","via":"Via Alessandro Maggini","civico":"50","cap":"60127","comune":"Ancona"}},{"type":"Feature","geometry":{"type":"LineString","coordinates":[[13.504211,43.598273],[13.503971,43.598362]]},"properties":{"tipo":"allaccio"}},{"type":"Feature","geometry":{"type":"Point","coordinates":[13.504211,43.598273]},"properties":{"tipo":"contatore","id":"C0359","via":"Via Alessandro Maggini","civico":"26","cap":"60127","comune":"Ancona"}},{"type":"Feature","geometry":{"type":"LineString","coordinates":[[13.504741,43.598164],[13.504829,43.598125]]},"properties":{"tipo":"allaccio"}},{"type":"Feature","geometry":{"type":"Point","coordinates":[13.504741,43.598164]},"properties":{"tipo":"contatore","id":"C0360","via":"Via Ariovisto Pezzotti","civico":"6","cap":"60127","comune":"Ancona"}},{"type":"Feature","geometry":{"type":"LineString","coordinates":[[13.504835,43.598239],[13.5049,43.59821]]},"properties":{"tipo":"allaccio"}},{"type":"Feature","geometry":{"type":"Point","coordinates":[13.504835,43.598239]},"properties":{"tipo":"contatore","id":"C0361","via":"Via delle Palombare","civico":"10","cap":"60128","comune":"Ancona"}},{"type":"Feature","geometry":{"type":"LineString","coordinates":[[13.504481,43.597875],[13.504522,43.597847]]},"properties":{"tipo":"allaccio"}},{"type":"Feature","geometry":{"type":"Point","coordinates":[13.504481,43.597875]},"properties":{"tipo":"contatore","id":"C0362","via":"Via Ariovisto Pezzotti","civico":"6","cap":"60127","comune":"Ancona"}},{"type":"Feature","geometry":{"type":"LineString","coordinates":[[13.504068,43.598338],[13.503977,43.598371]]},"properties":{"tipo":"allaccio"}},{"type":"Feature","geometry":{"type":"Point","coordinates":[13.504068,43.598338]},"properties":{"tipo":"contatore","id":"C0363","via":"Via Alessandro Maggini","civico":"24","cap":"60127","comune":"Ancona"}},{"type":"Feature","geometry":{"type":"LineString","coordinates":[[13.503757,43.59791],[13.503678,43.59794]]},"properties":{"tipo":"allaccio"}},{"type":"Feature","geometry":{"type":"Point","coordinates":[13.503757,43.59791]},"properties":{"tipo":"contatore","id":"C0364","via":"Via Alessandro Maggini","civico":"72","cap":"60128","comune":"Ancona"}},{"type":"Feature","geometry":{"type":"LineString","coordinates":[[13.503597,43.597552],[13.50344,43.597612]]},"properties":{"tipo":"allaccio"}},{"type":"Feature","geometry":{"type":"Point","coordinates":[13.503597,43.597552]},"properties":{"tipo":"contatore","id":"C0365","via":"Via Alessandro Maggini","civico":"80","cap":"60127","comune":"Ancona"}},{"type":"Feature","geometry":{"type":"LineString","coordinates":[[13.504345,43.597535],[13.504302,43.597551]]},"properties":{"tipo":"allaccio"}},{"type":"Feature","geometry":{"type":"Point","coordinates":[13.504345,43.597535]},"properties":{"tipo":"contatore","id":"C0366","via":"Via Ariovisto Pezzotti","civico":"20","cap":"60127","comune":"Ancona"}},{"type":"Feature","geometry":{"type":"LineString","coordinates":[[13.504068,43.597051],[13.504031,43.596995]]},"properties":{"tipo":"allaccio"}},{"type":"Feature","geometry":{"type":"Point","coordinates":[13.504068,43.597051]},"properties":{"tipo":"contatore","id":"C0367","via":"Via dell'Industria","civico":"29","cap":"60127","comune":"Ancona"}},{"type":"Feature","geometry":{"type":"LineString","coordinates":[[13.50303,43.596726],[13.502862,43.596787]]},"properties":{"tipo":"allaccio"}},{"type":"Feature","geometry":{"type":"Point","coordinates":[13.50303,43.596726]},"properties":{"tipo":"contatore","id":"C0368","via":"Via dell'Industria","civico":"17","cap":"60127","comune":"Ancona"}},{"type":"Feature","geometry":{"type":"LineString","coordinates":[[13.503418,43.595629],[13.503325,43.595634]]},"properties":{"tipo":"allaccio"}},{"type":"Feature","geometry":{"type":"Point","coordinates":[13.503418,43.595629]},"properties":{"tipo":"contatore","id":"C0369","via":"Via dell'Agricoltura","civico":"8","cap":"60128","comune":"Ancona"}},{"type":"Feature","geometry":{"type":"LineString","coordinates":[[13.503252,43.596454],[13.503115,43.596231]]},"properties":{"tipo":"allaccio"}},{"type":"Feature","geometry":{"type":"Point","coordinates":[13.503252,43.596454]},"properties":{"tipo":"contatore","id":"C0370","via":"Via dell'Industria","civico":"17A","cap":"60127","comune":"Ancona"}},{"type":"Feature","geometry":{"type":"LineString","coordinates":[[13.503274,43.595625],[13.503324,43.595623]]},"properties":{"tipo":"allaccio"}},{"type":"Feature","geometry":{"type":"Point","coordinates":[13.503274,43.595625]},"properties":{"tipo":"contatore","id":"C0371","via":"Via dell'Agricoltura","civico":"12b","cap":"60128","comune":"Ancona"}},{"type":"Feature","geometry":{"type":"LineString","coordinates":[[13.503158,43.596978],[13.503025,43.597023]]},"properties":{"tipo":"allaccio"}},{"type":"Feature","geometry":{"type":"Point","coordinates":[13.503158,43.596978]},"properties":{"tipo":"contatore","id":"C0372","via":"Via Alessandro Maggini","civico":"102","cap":"60127","comune":"Ancona"}},{"type":"Feature","geometry":{"type":"LineString","coordinates":[[13.503616,43.59692],[13.503736,43.5971]]},"properties":{"tipo":"allaccio"}},{"type":"Feature","geometry":{"type":"Point","coordinates":[13.503616,43.59692]},"properties":{"tipo":"contatore","id":"C0373","via":"Via della Tecnica","civico":"6","cap":"60127","comune":"Ancona"}},{"type":"Feature","geometry":{"type":"LineString","coordinates":[[13.503051,43.596288],[13.503032,43.596258]]},"properties":{"tipo":"allaccio"}},{"type":"Feature","geometry":{"type":"Point","coordinates":[13.503051,43.596288]},"properties":{"tipo":"contatore","id":"C0374","via":"Via dell'Agricoltura","civico":"9","cap":"60127","comune":"Ancona"}},{"type":"Feature","geometry":{"type":"LineString","coordinates":[[13.513213,43.595557],[13.513056,43.595606]]},"properties":{"tipo":"allaccio"}},{"type":"Feature","geometry":{"type":"Point","coordinates":[13.513213,43.595557]},"properties":{"tipo":"contatore","id":"C0375","via":"Via della Montagnola","civico":"77A","cap":"60127","comune":"Ancona"}},{"type":"Feature","geometry":{"type":"LineString","coordinates":[[13.513561,43.595631],[13.513139,43.595747]]},"properties":{"tipo":"allaccio"}},{"type":"Feature","geometry":{"type":"Point","coordinates":[13.513561,43.595631]},"properties":{"tipo":"contatore","id":"C0376","via":"Via della Montagnola","civico":"77A","cap":"60127","comune":"Ancona"}},{"type":"Feature","geometry":{"type":"LineString","coordinates":[[13.513551,43.596164],[13.513173,43.5961]]},"properties":{"tipo":"allaccio"}},{"type":"Feature","geometry":{"type":"Point","coordinates":[13.513551,43.596164]},"properties":{"tipo":"contatore","id":"C0377","via":"Via Montagnola","civico":"75","cap":"60127","comune":"Ancona"}},{"type":"Feature","geometry":{"type":"LineString","coordinates":[[13.512887,43.596218],[13.513118,43.596261]]},"properties":{"tipo":"allaccio"}},{"type":"Feature","geometry":{"type":"Point","coordinates":[13.512887,43.596218]},"properties":{"tipo":"contatore","id":"C0378","via":"Via Montagnola","civico":"68a","cap":"60127","comune":"Ancona"}},{"type":"Feature","geometry":{"type":"LineString","coordinates":[[13.512134,43.596252],[13.511885,43.596069]]},"properties":{"tipo":"allaccio"}},{"type":"Feature","geometry":{"type":"Point","coordinates":[13.512134,43.596252]},"properties":{"tipo":"contatore","id":"C0379","via":"Via della Montagnola","civico":"66B","cap":"60127","comune":"Ancona"}},{"type":"Feature","geometry":{"type":"LineString","coordinates":[[13.511716,43.596414],[13.51161,43.596188]]},"properties":{"tipo":"allaccio"}},{"type":"Feature","geometry":{"type":"Point","coordinates":[13.511716,43.596414]},"properties":{"tipo":"contatore","id":"C0380","via":"Via della Montagnola","civico":"66A","cap":"60127","comune":"Ancona"}},{"type":"Feature","geometry":{"type":"LineString","coordinates":[[13.511381,43.59694],[13.511403,43.59701]]},"properties":{"tipo":"allaccio"}},{"type":"Feature","geometry":{"type":"Point","coordinates":[13.511381,43.59694]},"properties":{"tipo":"contatore","id":"C0381","via":"Via Montagnola","civico":"66","cap":"60127","comune":"Ancona"}},{"type":"Feature","geometry":{"type":"LineString","coordinates":[[13.51103,43.597003],[13.511051,43.597069]]},"properties":{"tipo":"allaccio"}},{"type":"Feature","geometry":{"type":"Point","coordinates":[13.51103,43.597003]},"properties":{"tipo":"contatore","id":"C0382","via":"Via Montagnola","civico":"54","cap":"60127","comune":"Ancona"}},{"type":"Feature","geometry":{"type":"LineString","coordinates":[[13.510922,43.596878],[13.510986,43.59708]]},"properties":{"tipo":"allaccio"}},{"type":"Feature","geometry":{"type":"Point","coordinates":[13.510922,43.596878]},"properties":{"tipo":"contatore","id":"C0383","via":"Via Montagnola","civico":"54","cap":"60127","comune":"Ancona"}},{"type":"Feature","geometry":{"type":"LineString","coordinates":[[13.510702,43.597042],[13.510727,43.597123]]},"properties":{"tipo":"allaccio"}},{"type":"Feature","geometry":{"type":"Point","coordinates":[13.510702,43.597042]},"properties":{"tipo":"contatore","id":"C0384","via":"Via Montagnola","civico":"52","cap":"60127","comune":"Ancona"}},{"type":"Feature","geometry":{"type":"LineString","coordinates":[[13.510348,43.597111],[13.510391,43.597196]]},"properties":{"tipo":"allaccio"}},{"type":"Feature","geometry":{"type":"Point","coordinates":[13.510348,43.597111]},"properties":{"tipo":"contatore","id":"C0385","via":"Via Montagnola","civico":"50","cap":"60127","comune":"Ancona"}},{"type":"Feature","geometry":{"type":"LineString","coordinates":[[13.511134,43.597245],[13.511077,43.597064]]},"properties":{"tipo":"allaccio"}},{"type":"Feature","geometry":{"type":"Point","coordinates":[13.511134,43.597245]},"properties":{"tipo":"contatore","id":"C0386","via":"Via Montagnola","civico":"69","cap":"60127","comune":"Ancona"}},{"type":"Feature","geometry":{"type":"LineString","coordinates":[[13.512063,43.597088],[13.512008,43.596909]]},"properties":{"tipo":"allaccio"}},{"type":"Feature","geometry":{"type":"Point","coordinates":[13.512063,43.597088]},"properties":{"tipo":"contatore","id":"C0387","via":"Via della Montagnola","civico":"69","cap":"60127","comune":"Ancona"}},{"type":"Feature","geometry":{"type":"LineString","coordinates":[[13.512391,43.597741],[13.513275,43.597762]]},"properties":{"tipo":"allaccio"}},{"type":"Feature","geometry":{"type":"Point","coordinates":[13.512391,43.597741]},"properties":{"tipo":"contatore","id":"C0388","via":"Via della Montagnola","civico":"","cap":"60127","comune":"Ancona"}},{"type":"Feature","geometry":{"type":"LineString","coordinates":[[13.513622,43.597333],[13.513554,43.597258]]},"properties":{"tipo":"allaccio"}},{"type":"Feature","geometry":{"type":"Point","coordinates":[13.513622,43.597333]},"properties":{"tipo":"contatore","id":"C0389","via":"Via Fermo","civico":"30","cap":"60128","comune":"Ancona"}},{"type":"Feature","geometry":{"type":"LineString","coordinates":[[13.512655,43.596832],[13.512604,43.596768]]},"properties":{"tipo":"allaccio"}},{"type":"Feature","geometry":{"type":"Point","coordinates":[13.512655,43.596832]},"properties":{"tipo":"contatore","id":"C0390","via":"Via della Montagnola","civico":"71","cap":"60127","comune":"Ancona"}},{"type":"Feature","geometry":{"type":"LineString","coordinates":[[13.512982,43.596766],[13.512825,43.596645]]},"properties":{"tipo":"allaccio"}},{"type":"Feature","geometry":{"type":"Point","coordinates":[13.512982,43.596766]},"properties":{"tipo":"contatore","id":"C0391","via":"Via Montagnola","civico":"71a","cap":"60127","comune":"Ancona"}},{"type":"Feature","geometry":{"type":"LineString","coordinates":[[13.513295,43.596477],[13.513048,43.596407]]},"properties":{"tipo":"allaccio"}},{"type":"Feature","geometry":{"type":"Point","coordinates":[13.513295,43.596477]},"properties":{"tipo":"contatore","id":"C0392","via":"Via Montagnola","civico":"75","cap":"60127","comune":"Ancona"}},{"type":"Feature","geometry":{"type":"LineString","coordinates":[[13.513396,43.596397],[13.513095,43.596315]]},"properties":{"tipo":"allaccio"}},{"type":"Feature","geometry":{"type":"Point","coordinates":[13.513396,43.596397]},"properties":{"tipo":"contatore","id":"C0393","via":"Via Montagnola","civico":"75","cap":"60127","comune":"Ancona"}},{"type":"Feature","geometry":{"type":"LineString","coordinates":[[13.517589,43.595731],[13.517402,43.595737]]},"properties":{"tipo":"allaccio"}},{"type":"Feature","geometry":{"type":"Point","coordinates":[13.517589,43.595731]},"properties":{"tipo":"contatore","id":"C0394","via":"Via Benedetto Croce","civico":"24","cap":"60128","comune":"Ancona"}},{"type":"Feature","geometry":{"type":"LineString","coordinates":[[13.517454,43.596505],[13.517388,43.596497]]},"properties":{"tipo":"allaccio"}},{"type":"Feature","geometry":{"type":"Point","coordinates":[13.517454,43.596505]},"properties":{"tipo":"contatore","id":"C0395","via":"Via Tavernelle","civico":"33","cap":"60128","comune":"Ancona"}},{"type":"Feature","geometry":{"type":"LineString","coordinates":[[13.517388,43.596983],[13.517274,43.596968]]},"properties":{"tipo":"allaccio"}},{"type":"Feature","geometry":{"type":"Point","coordinates":[13.517388,43.596983]},"properties":{"tipo":"contatore","id":"C0396","via":"Via Tavernelle","civico":"11","cap":"60128","comune":"Ancona"}},{"type":"Feature","geometry":{"type":"LineString","coordinates":[[13.517341,43.596363],[13.517418,43.596373]]},"properties":{"tipo":"allaccio"}},{"type":"Feature","geometry":{"type":"Point","coordinates":[13.517341,43.596363]},"properties":{"tipo":"contatore","id":"C0397","via":"Via Tavernelle","civico":"33","cap":"60128","comune":"Ancona"}},{"type":"Feature","geometry":{"type":"LineString","coordinates":[[13.517248,43.596776],[13.517318,43.596785]]},"properties":{"tipo":"allaccio"}},{"type":"Feature","geometry":{"type":"Point","coordinates":[13.517248,43.596776]},"properties":{"tipo":"contatore","id":"C0398","via":"Via Tavernelle","civico":"14A","cap":"60128","comune":"Ancona"}},{"type":"Feature","geometry":{"type":"LineString","coordinates":[[13.51697,43.596461],[13.516987,43.596364]]},"properties":{"tipo":"allaccio"}},{"type":"Feature","geometry":{"type":"Point","coordinates":[13.51697,43.596461]},"properties":{"tipo":"contatore","id":"C0399","via":"Via Giovanni Verga","civico":"1","cap":"60128","comune":"Ancona"}},{"type":"Feature","geometry":{"type":"LineString","coordinates":[[13.516661,43.597063],[13.516552,43.59717]]},"properties":{"tipo":"allaccio"}},{"type":"Feature","geometry":{"type":"Point","coordinates":[13.516661,43.597063]},"properties":{"tipo":"contatore","id":"C0400","via":"Via Giovanni Verga","civico":"3","cap":"60128","comune":"Ancona"}},{"type":"Feature","geometry":{"type":"LineString","coordinates":[[13.516106,43.596636],[13.515815,43.596616]]},"properties":{"tipo":"allaccio"}},{"type":"Feature","geometry":{"type":"Point","coordinates":[13.516106,43.596636]},"properties":{"tipo":"contatore","id":"C0401","via":"Via Giovanni Verga","civico":"7","cap":"60128","comune":"Ancona"}},{"type":"Feature","geometry":{"type":"LineString","coordinates":[[13.517114,43.597247],[13.517188,43.597262]]},"properties":{"tipo":"allaccio"}},{"type":"Feature","geometry":{"type":"Point","coordinates":[13.517114,43.597247]},"properties":{"tipo":"contatore","id":"C0402","via":"Via Tavernelle","civico":"14","cap":"60128","comune":"Ancona"}},{"type":"Feature","geometry":{"type":"LineString","coordinates":[[13.515864,43.597492],[13.515671,43.597472]]},"properties":{"tipo":"allaccio"}},{"type":"Feature","geometry":{"type":"Point","coordinates":[13.515864,43.597492]},"properties":{"tipo":"contatore","id":"C0403","via":"Via Giovanni Verga","civico":"2","cap":"60128","comune":"Ancona"}},{"type":"Feature","geometry":{"type":"LineString","coordinates":[[13.517867,43.596757],[13.518003,43.596757]]},"properties":{"tipo":"allaccio"}},{"type":"Feature","geometry":{"type":"Point","coordinates":[13.517867,43.596757]},"properties":{"tipo":"contatore","id":"C0404","via":"Via Benedetto Croce","civico":"12","cap":"60128","comune":"Ancona"}},{"type":"Feature","geometry":{"type":"LineString","coordinates":[[13.518835,43.598201],[13.518329,43.597969]]},"properties":{"tipo":"allaccio"}},{"type":"Feature","geometry":{"type":"Point","coordinates":[13.518835,43.598201]},"properties":{"tipo":"contatore","id":"C0405","via":"Via Colle Verde","civico":"31","cap":"60128","comune":"Ancona"}},{"type":"Feature","geometry":{"type":"LineString","coordinates":[[13.518565,43.59787],[13.5185,43.597824]]},"properties":{"tipo":"allaccio"}},{"type":"Feature","geometry":{"type":"Point","coordinates":[13.518565,43.59787]},"properties":{"tipo":"contatore","id":"C0406","via":"Via Colle Verde","civico":"29","cap":"60128","comune":"Ancona"}},{"type":"Feature","geometry":{"type":"LineString","coordinates":[[13.518716,43.596008],[13.518907,43.595947]]},"properties":{"tipo":"allaccio"}},{"type":"Feature","geometry":{"type":"Point","coordinates":[13.518716,43.596008]},"properties":{"tipo":"contatore","id":"C0407","via":"Via Benedetto Croce","civico":"11","cap":"60128","comune":"Ancona"}},{"type":"Feature","geometry":{"type":"LineString","coordinates":[[13.518571,43.597315],[13.518754,43.597315]]},"properties":{"tipo":"allaccio"}},{"type":"Feature","geometry":{"type":"Point","coordinates":[13.518571,43.597315]},"properties":{"tipo":"contatore","id":"C0408","via":"Via Cesare Pavese","civico":"4","cap":"60128","comune":"Ancona"}},{"type":"Feature","geometry":{"type":"LineString","coordinates":[[13.517815,43.597696],[13.517992,43.597695]]},"properties":{"tipo":"allaccio"}},{"type":"Feature","geometry":{"type":"Point","coordinates":[13.517815,43.597696]},"properties":{"tipo":"contatore","id":"C0409","via":"Via Benedetto Croce","civico":"2","cap":"60128","comune":"Ancona"}},{"type":"Feature","geometry":{"type":"LineString","coordinates":[[13.517072,43.597843],[13.516976,43.597822]]},"properties":{"tipo":"allaccio"}},{"type":"Feature","geometry":{"type":"Point","coordinates":[13.517072,43.597843]},"properties":{"tipo":"contatore","id":"C0410","via":"Via Tavernelle","civico":"1","cap":"60128","comune":"Ancona"}},{"type":"Feature","geometry":{"type":"LineString","coordinates":[[13.516563,43.598061],[13.516832,43.598128]]},"properties":{"tipo":"allaccio"}},{"type":"Feature","geometry":{"type":"Point","coordinates":[13.516563,43.598061]},"properties":{"tipo":"contatore","id":"C0411","via":"Via Tavernelle","civico":"2","cap":"60128","comune":"Ancona"}},{"type":"Feature","geometry":{"type":"LineString","coordinates":[[13.515489,43.598047],[13.51536,43.597898]]},"properties":{"tipo":"allaccio"}},{"type":"Feature","geometry":{"type":"Point","coordinates":[13.515489,43.598047]},"properties":{"tipo":"contatore","id":"C0412","via":"Via Alessandro Manzoni","civico":"3","cap":"60128","comune":"Ancona"}},{"type":"Feature","geometry":{"type":"LineString","coordinates":[[13.517656,43.598456],[13.517593,43.598431]]},"properties":{"tipo":"allaccio"}},{"type":"Feature","geometry":{"type":"Point","coordinates":[13.517656,43.598456]},"properties":{"tipo":"contatore","id":"C0413","via":"Via Giovanni Picchi Tancredi","civico":"11","cap":"60128","comune":"Ancona"}},{"type":"Feature","geometry":{"type":"LineString","coordinates":[[13.517087,43.598581],[13.51699,43.598543]]},"properties":{"tipo":"allaccio"}},{"type":"Feature","geometry":{"type":"Point","coordinates":[13.517087,43.598581]},"properties":{"tipo":"contatore","id":"C0414","via":"Via delle Grazie","civico":"43A","cap":"60128","comune":"Ancona"}},{"type":"Feature","geometry":{"type":"LineString","coordinates":[[13.517446,43.598836],[13.517392,43.5989]]},"properties":{"tipo":"allaccio"}},{"type":"Feature","geometry":{"type":"Point","coordinates":[13.517446,43.598836]},"properties":{"tipo":"contatore","id":"C0415","via":"Via Colle Verde","civico":"28A","cap":"60128","comune":"Ancona"}},{"type":"Feature","geometry":{"type":"LineString","coordinates":[[13.516563,43.598779],[13.516567,43.598745]]},"properties":{"tipo":"allaccio"}},{"type":"Feature","geometry":{"type":"Point","coordinates":[13.516563,43.598779]},"properties":{"tipo":"contatore","id":"C0416","via":"Via Giovanni Picchi Tancredi","civico":"1","cap":"60128","comune":"Ancona"}},{"type":"Feature","geometry":{"type":"LineString","coordinates":[[13.517024,43.598885],[13.517048,43.598825]]},"properties":{"tipo":"allaccio"}},{"type":"Feature","geometry":{"type":"Point","coordinates":[13.517024,43.598885]},"properties":{"tipo":"contatore","id":"C0417","via":"Via Giovanni Picchi Tancredi","civico":"5","cap":"60128","comune":"Ancona"}},{"type":"Feature","geometry":{"type":"LineString","coordinates":[[13.517404,43.598953],[13.517433,43.598919]]},"properties":{"tipo":"allaccio"}},{"type":"Feature","geometry":{"type":"Point","coordinates":[13.517404,43.598953]},"properties":{"tipo":"contatore","id":"C0418","via":"Via Colle Verde","civico":"28","cap":"60128","comune":"Ancona"}},{"type":"Feature","geometry":{"type":"LineString","coordinates":[[13.515711,43.596741],[13.515798,43.596747]]},"properties":{"tipo":"allaccio"}},{"type":"Feature","geometry":{"type":"Point","coordinates":[13.515711,43.596741]},"properties":{"tipo":"contatore","id":"C0419","via":"Via Alessandro Manzoni","civico":"42A","cap":"60128","comune":"Ancona"}},{"type":"Feature","geometry":{"type":"LineString","coordinates":[[13.515643,43.597016],[13.515751,43.597029]]},"properties":{"tipo":"allaccio"}},{"type":"Feature","geometry":{"type":"Point","coordinates":[13.515643,43.597016]},"properties":{"tipo":"contatore","id":"C0420","via":"Via Alessandro Manzoni","civico":"42","cap":"60128","comune":"Ancona"}},{"type":"Feature","geometry":{"type":"LineString","coordinates":[[13.514932,43.596901],[13.514869,43.5969]]},"properties":{"tipo":"allaccio"}},{"type":"Feature","geometry":{"type":"Point","coordinates":[13.514932,43.596901]},"properties":{"tipo":"contatore","id":"C0421","via":"Via Alessandro Manzoni","civico":"28B","cap":"60128","comune":"Ancona"}},{"type":"Feature","geometry":{"type":"LineString","coordinates":[[13.515121,43.597313],[13.515048,43.597387]]},"properties":{"tipo":"allaccio"}},{"type":"Feature","geometry":{"type":"Point","coordinates":[13.515121,43.597313]},"properties":{"tipo":"contatore","id":"C0422","via":"Via Alessandro Manzoni","civico":"34","cap":"60128","comune":"Ancona"}},{"type":"Feature","geometry":{"type":"LineString","coordinates":[[13.515248,43.597596],[13.515153,43.597582]]},"properties":{"tipo":"allaccio"}},{"type":"Feature","geometry":{"type":"Point","coordinates":[13.515248,43.597596]},"properties":{"tipo":"contatore","id":"C0423","via":"Via Alessandro Manzoni","civico":"38","cap":"60128","comune":"Ancona"}},{"type":"Feature","geometry":{"type":"LineString","coordinates":[[13.514609,43.597057],[13.514677,43.597033]]},"properties":{"tipo":"allaccio"}},{"type":"Feature","geometry":{"type":"Point","coordinates":[13.514609,43.597057]},"properties":{"tipo":"contatore","id":"C0424","via":"Via Alessandro Manzoni","civico":"22B","cap":"60128","comune":"Ancona"}},{"type":"Feature","geometry":{"type":"LineString","coordinates":[[13.514366,43.597348],[13.514451,43.597269]]},"properties":{"tipo":"allaccio"}},{"type":"Feature","geometry":{"type":"Point","coordinates":[13.514366,43.597348]},"properties":{"tipo":"contatore","id":"C0425","via":"Via Alessandro Manzoni","civico":"16","cap":"60128","comune":"Ancona"}},{"type":"Feature","geometry":{"type":"LineString","coordinates":[[13.514396,43.597717],[13.514395,43.597656]]},"properties":{"tipo":"allaccio"}},{"type":"Feature","geometry":{"type":"Point","coordinates":[13.514396,43.597717]},"properties":{"tipo":"contatore","id":"C0426","via":"Via Alessandro Manzoni","civico":"12","cap":"60128","comune":"Ancona"}},{"type":"Feature","geometry":{"type":"LineString","coordinates":[[13.514533,43.598047],[13.514493,43.597973]]},"properties":{"tipo":"allaccio"}},{"type":"Feature","geometry":{"type":"Point","coordinates":[13.514533,43.598047]},"properties":{"tipo":"contatore","id":"C0427","via":"Via Alessandro Manzoni","civico":"4","cap":"60128","comune":"Ancona"}},{"type":"Feature","geometry":{"type":"LineString","coordinates":[[13.515649,43.598825],[13.515646,43.598768]]},"properties":{"tipo":"allaccio"}},{"type":"Feature","geometry":{"type":"Point","coordinates":[13.515649,43.598825]},"properties":{"tipo":"contatore","id":"C0428","via":"Via Fermo","civico":"21","cap":"60128","comune":"Ancona"}},{"type":"Feature","geometry":{"type":"LineString","coordinates":[[13.516065,43.598787],[13.516071,43.59876]]},"properties":{"tipo":"allaccio"}},{"type":"Feature","geometry":{"type":"Point","coordinates":[13.516065,43.598787]},"properties":{"tipo":"contatore","id":"C0429","via":"Via Fermo","civico":"27A","cap":"60128","comune":"Ancona"}},{"type":"Feature","geometry":{"type":"LineString","coordinates":[[13.516151,43.599021],[13.516242,43.599044]]},"properties":{"tipo":"allaccio"}},{"type":"Feature","geometry":{"type":"Point","coordinates":[13.516151,43.599021]},"properties":{"tipo":"contatore","id":"C0430","via":"Via delle Grazie","civico":"164","cap":"60128","comune":"Ancona"}},{"type":"Feature","geometry":{"type":"LineString","coordinates":[[13.515899,43.599264],[13.51588,43.599312]]},"properties":{"tipo":"allaccio"}},{"type":"Feature","geometry":{"type":"Point","coordinates":[13.515899,43.599264]},"properties":{"tipo":"contatore","id":"C0431","via":"Via delle Grazie","civico":"156","cap":"60128","comune":"Ancona"}},{"type":"Feature","geometry":{"type":"LineString","coordinates":[[13.517774,43.598952],[13.517695,43.598915]]},"properties":{"tipo":"allaccio"}},{"type":"Feature","geometry":{"type":"Point","coordinates":[13.517774,43.598952]},"properties":{"tipo":"contatore","id":"C0432","via":"Via Colle Verde","civico":"31D","cap":"60128","comune":"Ancona"}},{"type":"Feature","geometry":{"type":"LineString","coordinates":[[13.517397,43.599345],[13.517353,43.59932]]},"properties":{"tipo":"allaccio"}},{"type":"Feature","geometry":{"type":"Point","coordinates":[13.517397,43.599345]},"properties":{"tipo":"contatore","id":"C0433","via":"Via Colle Verde","civico":"11","cap":"60128","comune":"Ancona"}},{"type":"Feature","geometry":{"type":"LineString","coordinates":[[13.517267,43.599305],[13.517332,43.599341]]},"properties":{"tipo":"allaccio"}},{"type":"Feature","geometry":{"type":"Point","coordinates":[13.517267,43.599305]},"properties":{"tipo":"contatore","id":"C0434","via":"Via Colle Verde","civico":"22","cap":"60128","comune":"Ancona"}},{"type":"Feature","geometry":{"type":"LineString","coordinates":[[13.517133,43.599459],[13.517182,43.599486]]},"properties":{"tipo":"allaccio"}},{"type":"Feature","geometry":{"type":"Point","coordinates":[13.517133,43.599459]},"properties":{"tipo":"contatore","id":"C0435","via":"Via Colle Verde","civico":"20","cap":"60128","comune":"Ancona"}},{"type":"Feature","geometry":{"type":"LineString","coordinates":[[13.516692,43.599363],[13.51662,43.599389]]},"properties":{"tipo":"allaccio"}},{"type":"Feature","geometry":{"type":"Point","coordinates":[13.516692,43.599363]},"properties":{"tipo":"contatore","id":"C0436","via":"Via Colle Verde","civico":"16","cap":"60128","comune":"Ancona"}},{"type":"Feature","geometry":{"type":"LineString","coordinates":[[13.516397,43.599374],[13.516331,43.599386]]},"properties":{"tipo":"allaccio"}},{"type":"Feature","geometry":{"type":"Point","coordinates":[13.516397,43.599374]},"properties":{"tipo":"contatore","id":"C0437","via":"Via Colle Verde","civico":"10","cap":"60128","comune":"Ancona"}},{"type":"Feature","geometry":{"type":"LineString","coordinates":[[13.516323,43.599517],[13.516392,43.599496]]},"properties":{"tipo":"allaccio"}},{"type":"Feature","geometry":{"type":"Point","coordinates":[13.516323,43.599517]},"properties":{"tipo":"contatore","id":"C0438","via":"Via Colle Verde","civico":"6","cap":"60128","comune":"Ancona"}},{"type":"Feature","geometry":{"type":"LineString","coordinates":[[13.516203,43.599842],[13.516235,43.599915]]},"properties":{"tipo":"allaccio"}},{"type":"Feature","geometry":{"type":"Point","coordinates":[13.516203,43.599842]},"properties":{"tipo":"contatore","id":"C0439","via":"Via delle Grazie","civico":"146","cap":"60128","comune":"Ancona"}},{"type":"Feature","geometry":{"type":"LineString","coordinates":[[13.5165,43.599756],[13.516553,43.599826]]},"properties":{"tipo":"allaccio"}},{"type":"Feature","geometry":{"type":"Point","coordinates":[13.5165,43.599756]},"properties":{"tipo":"contatore","id":"C0440","via":"Via Colle Verde","civico":"4","cap":"60128","comune":"Ancona"}},{"type":"Feature","geometry":{"type":"LineString","coordinates":[[13.516673,43.5996],[13.516659,43.599581]]},"properties":{"tipo":"allaccio"}},{"type":"Feature","geometry":{"type":"Point","coordinates":[13.516673,43.5996]},"properties":{"tipo":"contatore","id":"C0441","via":"Via Colle Verde","civico":"14","cap":"60128","comune":"Ancona"}},{"type":"Feature","geometry":{"type":"LineString","coordinates":[[13.515692,43.599351],[13.515722,43.599278]]},"properties":{"tipo":"allaccio"}},{"type":"Feature","geometry":{"type":"Point","coordinates":[13.515692,43.599351]},"properties":{"tipo":"contatore","id":"C0442","via":"Via Antonio Leoni","civico":"5","cap":"60128","comune":"Ancona"}},{"type":"Feature","geometry":{"type":"LineString","coordinates":[[13.515907,43.599551],[13.516006,43.599572]]},"properties":{"tipo":"allaccio"}},{"type":"Feature","geometry":{"type":"Point","coordinates":[13.515907,43.599551]},"properties":{"tipo":"contatore","id":"C0443","via":"Via delle Grazie","civico":"150","cap":"60128","comune":"Ancona"}},{"type":"Feature","geometry":{"type":"LineString","coordinates":[[13.51584,43.599942],[13.515932,43.599947]]},"properties":{"tipo":"allaccio"}},{"type":"Feature","geometry":{"type":"Point","coordinates":[13.51584,43.599942]},"properties":{"tipo":"contatore","id":"C0444","via":"Via delle Grazie","civico":"140a","cap":"60128","comune":"Ancona"}},{"type":"Feature","geometry":{"type":"LineString","coordinates":[[13.515826,43.60014],[13.515913,43.600145]]},"properties":{"tipo":"allaccio"}},{"type":"Feature","geometry":{"type":"Point","coordinates":[13.515826,43.60014]},"properties":{"tipo":"contatore","id":"C0445","via":"Via delle Grazie","civico":"140a","cap":"60128","comune":"Ancona"}},{"type":"Feature","geometry":{"type":"LineString","coordinates":[[13.517131,43.599609],[13.517078,43.599572]]},"properties":{"tipo":"allaccio"}},{"type":"Feature","geometry":{"type":"Point","coordinates":[13.517131,43.599609]},"properties":{"tipo":"contatore","id":"C0446","via":"Via Colle Verde","civico":"7A","cap":"60128","comune":"Ancona"}},{"type":"Feature","geometry":{"type":"LineString","coordinates":[[13.517531,43.599879],[13.51759,43.599928]]},"properties":{"tipo":"allaccio"}},{"type":"Feature","geometry":{"type":"Point","coordinates":[13.517531,43.599879]},"properties":{"tipo":"contatore","id":"C0447","via":"Via Colle Verde","civico":"7D","cap":"60128","comune":"Ancona"}},{"type":"Feature","geometry":{"type":"LineString","coordinates":[[13.517147,43.59999],[13.517147,43.600042]]},"properties":{"tipo":"allaccio"}},{"type":"Feature","geometry":{"type":"Point","coordinates":[13.517147,43.59999]},"properties":{"tipo":"contatore","id":"C0448","via":"Via Colle Verde","civico":"7C","cap":"60128","comune":"Ancona"}},{"type":"Feature","geometry":{"type":"LineString","coordinates":[[13.516755,43.599792],[13.516728,43.599756]]},"properties":{"tipo":"allaccio"}},{"type":"Feature","geometry":{"type":"Point","coordinates":[13.516755,43.599792]},"properties":{"tipo":"contatore","id":"C0449","via":"Via Colle Verde","civico":"7B","cap":"60128","comune":"Ancona"}},{"type":"Feature","geometry":{"type":"LineString","coordinates":[[13.517339,43.599659],[13.517142,43.599522]]},"properties":{"tipo":"allaccio"}},{"type":"Feature","geometry":{"type":"Point","coordinates":[13.517339,43.599659]},"properties":{"tipo":"contatore","id":"C0450","via":"Via Colle Verde","civico":"7A","cap":"60128","comune":"Ancona"}},{"type":"Feature","geometry":{"type":"LineString","coordinates":[[13.517279,43.600102],[13.517268,43.600043]]},"properties":{"tipo":"allaccio"}},{"type":"Feature","geometry":{"type":"Point","coordinates":[13.517279,43.600102]},"properties":{"tipo":"contatore","id":"C0451","via":"Via Colle Verde","civico":"7F","cap":"60128","comune":"Ancona"}},{"type":"Feature","geometry":{"type":"LineString","coordinates":[[13.516836,43.600086],[13.516889,43.600009]]},"properties":{"tipo":"allaccio"}},{"type":"Feature","geometry":{"type":"Point","coordinates":[13.516836,43.600086]},"properties":{"tipo":"contatore","id":"C0452","via":"Via Colle Verde","civico":"7E","cap":"60128","comune":"Ancona"}},{"type":"Feature","geometry":{"type":"LineString","coordinates":[[13.516608,43.599953],[13.516658,43.5999]]},"properties":{"tipo":"allaccio"}},{"type":"Feature","geometry":{"type":"Point","coordinates":[13.516608,43.599953]},"properties":{"tipo":"contatore","id":"C0453","via":"Via Colle Verde","civico":"7","cap":"60128","comune":"Ancona"}},{"type":"Feature","geometry":{"type":"LineString","coordinates":[[13.516264,43.600221],[13.51618,43.600189]]},"properties":{"tipo":"allaccio"}},{"type":"Feature","geometry":{"type":"Point","coordinates":[13.516264,43.600221]},"properties":{"tipo":"contatore","id":"C0454","via":"Via Colle Verde","civico":"3","cap":"60128","comune":"Ancona"}},{"type":"Feature","geometry":{"type":"LineString","coordinates":[[13.516081,43.600552],[13.515982,43.600519]]},"properties":{"tipo":"allaccio"}},{"type":"Feature","geometry":{"type":"Point","coordinates":[13.516081,43.600552]},"properties":{"tipo":"contatore","id":"C0455","via":"Via Colle Verde","civico":"1c","cap":"60128","comune":"Ancona"}},{"type":"Feature","geometry":{"type":"LineString","coordinates":[[13.515966,43.600922],[13.515879,43.600908]]},"properties":{"tipo":"allaccio"}},{"type":"Feature","geometry":{"type":"Point","coordinates":[13.515966,43.600922]},"properties":{"tipo":"contatore","id":"C0456","via":"Via Ostra","civico":"1","cap":"60128","comune":"Ancona"}},{"type":"Feature","geometry":{"type":"LineString","coordinates":[[13.515725,43.600672],[13.515812,43.600682]]},"properties":{"tipo":"allaccio"}},{"type":"Feature","geometry":{"type":"Point","coordinates":[13.515725,43.600672]},"properties":{"tipo":"contatore","id":"C0457","via":"Via delle Grazie","civico":"124","cap":"60128","comune":"Ancona"}},{"type":"Feature","geometry":{"type":"LineString","coordinates":[[13.51578,43.600504],[13.515851,43.600512]]},"properties":{"tipo":"allaccio"}},{"type":"Feature","geometry":{"type":"Point","coordinates":[13.51578,43.600504]},"properties":{"tipo":"contatore","id":"C0458","via":"Via delle Grazie","civico":"130","cap":"60128","comune":"Ancona"}},{"type":"Feature","geometry":{"type":"LineString","coordinates":[[13.515794,43.600404],[13.515873,43.600413]]},"properties":{"tipo":"allaccio"}},{"type":"Feature","geometry":{"type":"Point","coordinates":[13.515794,43.600404]},"properties":{"tipo":"contatore","id":"C0459","via":"Via Colle Verde","civico":"3","cap":"60128","comune":"Ancona"}},{"type":"Feature","geometry":{"type":"LineString","coordinates":[[13.5154,43.601645],[13.515258,43.601506]]},"properties":{"tipo":"allaccio"}},{"type":"Feature","geometry":{"type":"Point","coordinates":[13.5154,43.601645]},"properties":{"tipo":"contatore","id":"C0460","via":"Via delle Grazie","civico":"67","cap":"60128","comune":"Ancona"}},{"type":"Feature","geometry":{"type":"LineString","coordinates":[[13.512216,43.59874],[13.512203,43.598659]]},"properties":{"tipo":"allaccio"}},{"type":"Feature","geometry":{"type":"Point","coordinates":[13.512216,43.59874]},"properties":{"tipo":"contatore","id":"C0461","via":"Via Fermo","civico":"7","cap":"60128","comune":"Ancona"}},{"type":"Feature","geometry":{"type":"LineString","coordinates":[[13.511002,43.600261],[13.511078,43.600306]]},"properties":{"tipo":"allaccio"}},{"type":"Feature","geometry":{"type":"Point","coordinates":[13.511002,43.600261]},"properties":{"tipo":"contatore","id":"C0462","via":"Via Giuseppe Bornaccini","civico":"","cap":"60128","comune":"Ancona"}},{"type":"Feature","geometry":{"type":"LineString","coordinates":[[13.510862,43.599668],[13.510805,43.599556]]},"properties":{"tipo":"allaccio"}},{"type":"Feature","geometry":{"type":"Point","coordinates":[13.510862,43.599668]},"properties":{"tipo":"contatore","id":"C0463","via":"Via Armando Seppilli","civico":"2a","cap":"60128","comune":"Ancona"}},{"type":"Feature","geometry":{"type":"LineString","coordinates":[[13.511461,43.599722],[13.511371,43.599826]]},"properties":{"tipo":"allaccio"}},{"type":"Feature","geometry":{"type":"Point","coordinates":[13.511461,43.599722]},"properties":{"tipo":"contatore","id":"C0464","via":"Via Beniamino Gigli","civico":"16","cap":"60128","comune":"Ancona"}},{"type":"Feature","geometry":{"type":"LineString","coordinates":[[13.509658,43.599756],[13.509896,43.599511]]},"properties":{"tipo":"allaccio"}},{"type":"Feature","geometry":{"type":"Point","coordinates":[13.509658,43.599756]},"properties":{"tipo":"contatore","id":"C0465","via":"Via Beniamino Gigli","civico":"12","cap":"60128","comune":"Ancona"}},{"type":"Feature","geometry":{"type":"LineString","coordinates":[[13.517119,43.595879],[13.517058,43.595893]]},"properties":{"tipo":"allaccio"}},{"type":"Feature","geometry":{"type":"Point","coordinates":[13.517119,43.595879]},"properties":{"tipo":"contatore","id":"C0466","via":"Via Tavernelle","civico":"36","cap":"60128","comune":"Ancona"}},{"type":"Feature","geometry":{"type":"LineString","coordinates":[[13.516731,43.596015],[13.516705,43.596026]]},"properties":{"tipo":"allaccio"}},{"type":"Feature","geometry":{"type":"Point","coordinates":[13.516731,43.596015]},"properties":{"tipo":"contatore","id":"C0467","via":"Via Umberto Saba","civico":"4","cap":"60128","comune":"Ancona"}},{"type":"Feature","geometry":{"type":"LineString","coordinates":[[13.515293,43.600829],[13.51521,43.600918]]},"properties":{"tipo":"allaccio"}},{"type":"Feature","geometry":{"type":"Point","coordinates":[13.515293,43.600829]},"properties":{"tipo":"contatore","id":"C0468","via":"Via Agostino Peruzzi","civico":"2","cap":"60128","comune":"Ancona"}},{"type":"Feature","geometry":{"type":"LineString","coordinates":[[13.503986,43.596767],[13.504122,43.596718]]},"properties":{"tipo":"allaccio"}},{"type":"Feature","geometry":{"type":"Point","coordinates":[13.503986,43.596767]},"properties":{"tipo":"contatore","id":"C0469","via":"Via dell'Industria","civico":"21","cap":"60127","comune":"Ancona"}},{"type":"Feature","geometry":{"type":"LineString","coordinates":[[13.515547,43.600657],[13.51581,43.60069]]},"properties":{"tipo":"allaccio"}},{"type":"Feature","geometry":{"type":"Point","coordinates":[13.515547,43.600657]},"properties":{"tipo":"contatore","id":"C0470","via":"Via Agostino Peruzzi","civico":"2","cap":"60128","comune":"Ancona"}},{"type":"Feature","geometry":{"type":"LineString","coordinates":[[13.505985,43.600714],[13.505723,43.600806]]},"properties":{"tipo":"allaccio"}},{"type":"Feature","geometry":{"type":"Point","coordinates":[13.505985,43.600714]},"properties":{"tipo":"contatore","id":"C0471","via":"Viale Cristoforo Colombo","civico":"21","cap":"60127","comune":"Ancona"}},{"type":"Feature","geometry":{"type":"LineString","coordinates":[[13.506018,43.600177],[13.505911,43.600027]]},"properties":{"tipo":"allaccio"}},{"type":"Feature","geometry":{"type":"Point","coordinates":[13.506018,43.600177]},"properties":{"tipo":"contatore","id":"C0472","via":"Viale Cristoforo Colombo","civico":"21B","cap":"60127","comune":"Ancona"}},{"type":"Feature","geometry":{"type":"LineString","coordinates":[[13.506418,43.599929],[13.506365,43.599854]]},"properties":{"tipo":"allaccio"}},{"type":"Feature","geometry":{"type":"Point","coordinates":[13.506418,43.599929]},"properties":{"tipo":"contatore","id":"C0473","via":"Via della Marina","civico":"14","cap":"60127","comune":"Ancona"}},{"type":"Feature","geometry":{"type":"LineString","coordinates":[[13.507367,43.600183],[13.507426,43.600161]]},"properties":{"tipo":"allaccio"}},{"type":"Feature","geometry":{"type":"Point","coordinates":[13.507367,43.600183]},"properties":{"tipo":"contatore","id":"C0474","via":"Piazza d'Armi","civico":"","cap":"60127","comune":"Ancona"}},{"type":"Feature","geometry":{"type":"LineString","coordinates":[[13.507552,43.60081],[13.507544,43.600798]]},"properties":{"tipo":"allaccio"}},{"type":"Feature","geometry":{"type":"Point","coordinates":[13.507552,43.60081]},"properties":{"tipo":"contatore","id":"C0475","via":"Piazza d'Armi","civico":"13","cap":"60127","comune":"Ancona"}},{"type":"Feature","geometry":{"type":"LineString","coordinates":[[13.507812,43.601641],[13.507742,43.601548]]},"properties":{"tipo":"allaccio"}},{"type":"Feature","geometry":{"type":"Point","coordinates":[13.507812,43.601641]},"properties":{"tipo":"contatore","id":"C0476","via":"Piazza d'Armi","civico":"12","cap":"60127","comune":"Ancona"}},{"type":"Feature","geometry":{"type":"LineString","coordinates":[[13.508266,43.601467],[13.508208,43.601373]]},"properties":{"tipo":"allaccio"}},{"type":"Feature","geometry":{"type":"Point","coordinates":[13.508266,43.601467]},"properties":{"tipo":"contatore","id":"C0477","via":"Piazza d'Armi","civico":"12","cap":"60127","comune":"Ancona"}},{"type":"Feature","geometry":{"type":"LineString","coordinates":[[13.508312,43.601748],[13.508369,43.601811]]},"properties":{"tipo":"allaccio"}},{"type":"Feature","geometry":{"type":"Point","coordinates":[13.508312,43.601748]},"properties":{"tipo":"contatore","id":"C0478","via":"Piazza d'Armi","civico":"12","cap":"60127","comune":"Ancona"}},{"type":"Feature","geometry":{"type":"LineString","coordinates":[[13.508122,43.601822],[13.508189,43.601897]]},"properties":{"tipo":"allaccio"}},{"type":"Feature","geometry":{"type":"Point","coordinates":[13.508122,43.601822]},"properties":{"tipo":"contatore","id":"C0479","via":"Piazza d'Armi","civico":"12","cap":"60127","comune":"Ancona"}},{"type":"Feature","geometry":{"type":"LineString","coordinates":[[13.50864,43.601586],[13.508655,43.60158]]},"properties":{"tipo":"allaccio"}},{"type":"Feature","geometry":{"type":"Point","coordinates":[13.50864,43.601586]},"properties":{"tipo":"contatore","id":"C0480","via":"Via Mario Torresi","civico":"31","cap":"60128","comune":"Ancona"}},{"type":"Feature","geometry":{"type":"LineString","coordinates":[[13.506646,43.598317],[13.506261,43.597848]]},"properties":{"tipo":"allaccio"}},{"type":"Feature","geometry":{"type":"Point","coordinates":[13.506646,43.598317]},"properties":{"tipo":"contatore","id":"C0481","via":"Via delle Palombare","civico":"","cap":"60127","comune":"Ancona"}},{"type":"Feature","geometry":{"type":"LineString","coordinates":[[13.506183,43.599578],[13.506377,43.59985]]},"properties":{"tipo":"allaccio"}},{"type":"Feature","geometry":{"type":"Point","coordinates":[13.506183,43.599578]},"properties":{"tipo":"contatore","id":"C0482","via":"Viale Cristoforo Colombo","civico":"25B","cap":"60127","comune":"Ancona"}},{"type":"Feature","geometry":{"type":"LineString","coordinates":[[13.506706,43.599478],[13.506845,43.599672]]},"properties":{"tipo":"allaccio"}},{"type":"Feature","geometry":{"type":"Point","coordinates":[13.506706,43.599478]},"properties":{"tipo":"contatore","id":"C0483","via":"Via della Marina","civico":"1D","cap":"60127","comune":"Ancona"}},{"type":"Feature","geometry":{"type":"LineString","coordinates":[[13.506403,43.599055],[13.506844,43.599672]]},"properties":{"tipo":"allaccio"}},{"type":"Feature","geometry":{"type":"Point","coordinates":[13.506403,43.599055]},"properties":{"tipo":"contatore","id":"C0484","via":"Viale Cristoforo Colombo","civico":"","cap":"60127","comune":"Ancona"}},{"type":"Feature","geometry":{"type":"LineString","coordinates":[[13.50555,43.602201],[13.505402,43.602219]]},"properties":{"tipo":"allaccio"}},{"type":"Feature","geometry":{"type":"Point","coordinates":[13.50555,43.602201]},"properties":{"tipo":"contatore","id":"C0485","via":"Via Loreto","civico":"28a","cap":"60126","comune":"Ancona"}},{"type":"Feature","geometry":{"type":"LineString","coordinates":[[13.505492,43.602298],[13.505421,43.602306]]},"properties":{"tipo":"allaccio"}},{"type":"Feature","geometry":{"type":"Point","coordinates":[13.505492,43.602298]},"properties":{"tipo":"contatore","id":"C0486","via":"Via Jesi","civico":"51","cap":"60126","comune":"Ancona"}},{"type":"Feature","geometry":{"type":"LineString","coordinates":[[13.505955,43.602252],[13.505986,43.602166]]},"properties":{"tipo":"allaccio"}},{"type":"Feature","geometry":{"type":"Point","coordinates":[13.505955,43.602252]},"properties":{"tipo":"contatore","id":"C0487","via":"Via Loreto","civico":"24","cap":"60126","comune":"Ancona"}}]}